Delivery ID,Origin,Destination,Distance (km),Time Taken (hrs),Delivery Window,Urgency,Delivery Status,Traffic Level (0-10),Route Type,Traffic Delay (mins),Weather,Weather Impact (mins),Vehicle Type,Fuel Efficiency (liters/km),Fuel Consumption (liters),Region,Delivery Time of Day,Day of Week
5650,Warehouse B,Customer 4,38,0.68,16:00 - 20:00,1,On-time,7,Urban,35,Clear,0,Truck,0.1,3.8,West,Morning,Sunday
1550,Warehouse C,Customer 6,130,3.61,16:00 - 20:00,1,On-time,0,Rural,0,Fog,19,Van,0.05,6.5,South,Morning,Thursday
8278,Warehouse B,Customer 1,91,2.02,08:00 - 12:00,1,Delayed,9,Rural,9,Snow,20,Truck,0.1,9.1,West,Evening,Sunday
4623,Warehouse B,Customer 4,50,1.28,12:00 - 16:00,1,On-time,6,Suburban,18,Snow,22,Truck,0.1,5,East,Afternoon,Friday
2440,Warehouse C,Customer 3,137,2.91,16:00 - 20:00,1,Delayed,10,Urban,20,Clear,0,Van,0.05,6.85,South,Morning,Thursday
6244,Warehouse B,Customer 1,38,0.64,08:00 - 12:00,1,On-time,4,Rural,12,Clear,0,Motorcycle,0.05,1.9,West,Afternoon,Monday
5346,Warehouse B,Customer 4,49,1.14,16:00 - 20:00,1,On-time,2,Urban,8,Fog,14,Van,0.05,2.45,South,Morning,Wednesday
2060,Warehouse C,Customer 3,32,0.71,12:00 - 16:00,1,Delayed,7,Urban,21,Snow,30,Motorcycle,0.05,1.6,West,Morning,Thursday
4696,Warehouse A,Customer 4,84,1.42,12:00 - 16:00,1,On-time,8,Rural,24,Rain,26,Van,0.05,4.2,East,Morning,Saturday
2212,Warehouse A,Customer 2,57,1.68,12:00 - 16:00,1,On-time,3,Rural,9,Snow,15,Van,0.05,2.85,South,Morning,Wednesday
3063,Warehouse C,Customer 5,140,4.67,16:00 - 20:00,1,On-time,6,Suburban,24,Fog,18,Truck,0.1,14,East,Evening,Monday
5732,Warehouse A,Customer 5,128,4.00,12:00 - 16:00,1,Delayed,4,Suburban,4,Clear,0,Truck,0.1,12.8,South,Morning,Sunday
3607,Warehouse C,Customer 1,145,2.50,08:00 - 12:00,1,On-time,10,Urban,20,Snow,17,Motorcycle,0.05,7.25,East,Evening,Monday
9590,Warehouse A,Customer 3,69,2.23,12:00 - 16:00,1,On-time,8,Suburban,24,Rain,29,Motorcycle,0.05,3.45,South,Morning,Wednesday
3416,Warehouse B,Customer 3,112,2.55,08:00 - 12:00,1,On-time,2,Urban,8,Clear,0,Motorcycle,0.05,5.6,South,Afternoon,Sunday
1335,Warehouse C,Customer 4,130,3.02,16:00 - 20:00,1,On-time,2,Suburban,2,Snow,17,Van,0.05,6.5,North,Evening,Monday
9610,Warehouse A,Customer 2,147,3.42,12:00 - 16:00,1,Delayed,0,Urban,0,Fog,24,Truck,0.1,14.7,East,Evening,Friday
6299,Warehouse C,Customer 2,89,1.56,08:00 - 12:00,1,On-time,10,Urban,30,Snow,26,Van,0.05,4.45,North,Morning,Wednesday
3170,Warehouse A,Customer 2,69,1.68,16:00 - 20:00,1,Delayed,0,Suburban,0,Rain,20,Truck,0.1,6.9,North,Morning,Thursday
8239,Warehouse A,Customer 1,64,1.88,16:00 - 20:00,1,On-time,4,Rural,12,Rain,14,Motorcycle,0.05,3.2,East,Morning,Tuesday
1666,Warehouse A,Customer 1,59,0.98,08:00 - 12:00,1,On-time,0,Rural,0,Snow,23,Motorcycle,0.05,2.95,East,Afternoon,Thursday
9735,Warehouse B,Customer 4,49,0.82,08:00 - 12:00,1,On-time,2,Rural,10,Snow,20,Motorcycle,0.05,2.45,South,Evening,Sunday
9959,Warehouse C,Customer 4,77,1.43,12:00 - 16:00,1,On-time,10,Urban,20,Snow,30,Motorcycle,0.05,3.85,East,Afternoon,Wednesday
2762,Warehouse A,Customer 1,133,2.38,12:00 - 16:00,1,On-time,6,Suburban,6,Rain,16,Van,0.05,6.65,West,Morning,Tuesday
7165,Warehouse B,Customer 2,80,2.00,08:00 - 12:00,1,Delayed,7,Rural,28,Fog,23,Truck,0.1,8,East,Evening,Monday
9374,Warehouse C,Customer 4,61,1.07,12:00 - 16:00,1,Delayed,2,Rural,4,Rain,25,Truck,0.1,6.1,East,Afternoon,Thursday
2331,Warehouse A,Customer 6,80,2.22,16:00 - 20:00,1,On-time,1,Suburban,3,Rain,25,Van,0.05,4,East,Afternoon,Tuesday
8160,Warehouse C,Customer 1,78,1.53,16:00 - 20:00,1,On-time,3,Suburban,12,Rain,16,Truck,0.1,7.8,South,Morning,Tuesday
6824,Warehouse A,Customer 4,140,3.50,16:00 - 20:00,1,On-time,3,Suburban,12,Fog,10,Motorcycle,0.05,7,South,Afternoon,Friday
9721,Warehouse B,Customer 4,49,1.48,12:00 - 16:00,1,On-time,1,Suburban,5,Rain,12,Motorcycle,0.05,2.45,East,Afternoon,Saturday
3706,Warehouse C,Customer 3,98,2.80,12:00 - 16:00,1,Delayed,10,Urban,30,Snow,26,Truck,0.1,9.8,East,Afternoon,Saturday
6237,Warehouse B,Customer 2,75,1.42,12:00 - 16:00,1,On-time,7,Suburban,28,Clear,0,Truck,0.1,7.5,South,Evening,Monday
1991,Warehouse B,Customer 6,99,2.02,16:00 - 20:00,1,Delayed,10,Rural,30,Snow,13,Truck,0.1,9.9,East,Evening,Thursday
1056,Warehouse B,Customer 1,124,3.44,16:00 - 20:00,1,On-time,10,Rural,30,Rain,23,Van,0.05,6.2,West,Evening,Thursday
4852,Warehouse C,Customer 2,55,0.93,08:00 - 12:00,1,On-time,1,Rural,1,Snow,29,Van,0.05,2.75,East,Morning,Thursday
9128,Warehouse B,Customer 5,30,0.68,12:00 - 16:00,1,On-time,3,Suburban,9,Rain,16,Van,0.05,1.5,East,Morning,Sunday
5897,Warehouse B,Customer 4,86,1.54,12:00 - 16:00,1,Delayed,1,Urban,1,Snow,12,Truck,0.1,8.6,East,Evening,Monday
2579,Warehouse A,Customer 4,61,1.79,12:00 - 16:00,1,Delayed,2,Urban,6,Rain,23,Motorcycle,0.05,3.05,North,Evening,Sunday
5189,Warehouse B,Customer 1,66,1.47,16:00 - 20:00,1,On-time,4,Urban,8,Clear,0,Motorcycle,0.05,3.3,North,Afternoon,Thursday
1067,Warehouse A,Customer 2,52,1.08,16:00 - 20:00,1,On-time,9,Rural,9,Fog,17,Van,0.05,2.6,North,Afternoon,Thursday
5997,Warehouse C,Customer 5,88,1.66,12:00 - 16:00,1,On-time,0,Rural,0,Snow,28,Truck,0.1,8.8,East,Evening,Saturday
6292,Warehouse B,Customer 5,94,1.92,12:00 - 16:00,1,On-time,4,Rural,8,Fog,24,Van,0.05,4.7,North,Morning,Monday
3787,Warehouse B,Customer 1,71,1.97,16:00 - 20:00,1,On-time,4,Rural,4,Rain,16,Van,0.05,3.55,North,Evening,Sunday
7283,Warehouse A,Customer 5,68,1.15,08:00 - 12:00,1,On-time,7,Rural,21,Snow,21,Motorcycle,0.05,3.4,South,Morning,Saturday
9906,Warehouse C,Customer 2,129,3.91,12:00 - 16:00,1,On-time,3,Rural,9,Fog,19,Van,0.05,6.45,West,Morning,Saturday
9698,Warehouse A,Customer 4,98,2.88,08:00 - 12:00,1,On-time,7,Suburban,14,Clear,0,Truck,0.1,9.8,East,Afternoon,Tuesday
6244,Warehouse C,Customer 3,78,1.53,12:00 - 16:00,1,On-time,9,Suburban,18,Rain,13,Truck,0.1,7.8,North,Morning,Friday
3205,Warehouse C,Customer 1,82,1.44,16:00 - 20:00,1,On-time,10,Urban,20,Fog,23,Van,0.05,4.1,South,Morning,Monday
7693,Warehouse C,Customer 3,83,2.24,12:00 - 16:00,1,On-time,4,Suburban,16,Clear,0,Van,0.05,4.15,South,Morning,Tuesday
6002,Warehouse C,Customer 5,31,0.56,08:00 - 12:00,1,On-time,10,Rural,50,Rain,19,Motorcycle,0.05,1.55,East,Afternoon,Wednesday
5976,Warehouse A,Customer 3,75,1.36,08:00 - 12:00,1,On-time,3,Suburban,6,Clear,0,Van,0.05,3.75,East,Afternoon,Tuesday
5214,Warehouse A,Customer 3,83,1.41,16:00 - 20:00,1,On-time,3,Rural,12,Rain,22,Motorcycle,0.05,4.15,South,Afternoon,Thursday
3281,Warehouse C,Customer 1,120,2.18,16:00 - 20:00,1,On-time,3,Urban,3,Rain,14,Truck,0.1,12,West,Evening,Wednesday
9660,Warehouse C,Customer 4,136,3.24,08:00 - 12:00,1,On-time,3,Urban,9,Rain,28,Truck,0.1,13.6,South,Morning,Monday
7213,Warehouse A,Customer 2,55,1.10,12:00 - 16:00,1,On-time,10,Rural,50,Clear,0,Truck,0.1,5.5,West,Afternoon,Friday
3126,Warehouse A,Customer 2,77,1.57,08:00 - 12:00,1,On-time,1,Urban,5,Snow,25,Truck,0.1,7.7,North,Evening,Sunday
8285,Warehouse C,Customer 1,56,1.56,16:00 - 20:00,1,On-time,6,Suburban,6,Snow,10,Motorcycle,0.05,2.8,East,Afternoon,Thursday
1937,Warehouse C,Customer 1,122,2.49,16:00 - 20:00,1,On-time,9,Rural,18,Clear,0,Truck,0.1,12.2,South,Afternoon,Wednesday
3123,Warehouse A,Customer 6,68,2.00,12:00 - 16:00,1,On-time,1,Urban,3,Fog,19,Motorcycle,0.05,3.4,West,Evening,Friday
1979,Warehouse B,Customer 6,108,2.20,08:00 - 12:00,1,On-time,6,Suburban,12,Rain,22,Van,0.05,5.4,South,Evening,Saturday
5233,Warehouse B,Customer 2,44,0.79,08:00 - 12:00,1,On-time,3,Suburban,3,Rain,20,Truck,0.1,4.4,South,Afternoon,Thursday
2894,Warehouse A,Customer 5,96,2.40,12:00 - 16:00,1,On-time,1,Rural,3,Snow,15,Van,0.05,4.8,East,Morning,Monday
9218,Warehouse B,Customer 4,69,2.09,16:00 - 20:00,1,On-time,8,Rural,8,Clear,0,Truck,0.1,6.9,West,Evening,Sunday
9232,Warehouse B,Customer 4,75,2.08,08:00 - 12:00,1,On-time,9,Urban,36,Rain,22,Truck,0.1,7.5,East,Afternoon,Friday
6808,Warehouse C,Customer 6,37,0.86,12:00 - 16:00,1,Delayed,6,Rural,24,Rain,12,Van,0.05,1.85,North,Afternoon,Tuesday
5366,Warehouse A,Customer 3,113,2.26,16:00 - 20:00,1,On-time,7,Suburban,35,Snow,12,Motorcycle,0.05,5.65,South,Afternoon,Sunday
8690,Warehouse B,Customer 2,133,3.17,12:00 - 16:00,1,On-time,0,Suburban,0,Snow,16,Truck,0.1,13.3,South,Evening,Friday
7429,Warehouse C,Customer 3,34,0.61,16:00 - 20:00,1,On-time,7,Suburban,35,Fog,11,Van,0.05,1.7,South,Afternoon,Wednesday
8037,Warehouse C,Customer 2,128,3.37,16:00 - 20:00,1,On-time,2,Urban,2,Clear,0,Van,0.05,6.4,West,Afternoon,Sunday
2483,Warehouse B,Customer 4,110,3.55,08:00 - 12:00,1,On-time,4,Urban,16,Fog,23,Van,0.05,5.5,North,Evening,Monday
9313,Warehouse B,Customer 6,77,1.45,08:00 - 12:00,1,On-time,0,Suburban,0,Fog,26,Van,0.05,3.85,East,Morning,Sunday
3590,Warehouse B,Customer 5,99,1.87,12:00 - 16:00,1,On-time,0,Suburban,0,Fog,23,Truck,0.1,9.9,North,Evening,Wednesday
9563,Warehouse C,Customer 6,50,0.88,08:00 - 12:00,1,Delayed,9,Suburban,27,Rain,15,Motorcycle,0.05,2.5,North,Evening,Thursday
2302,Warehouse A,Customer 3,56,1.37,08:00 - 12:00,1,On-time,2,Rural,2,Fog,22,Van,0.05,2.8,West,Morning,Thursday
9143,Warehouse B,Customer 1,50,0.93,16:00 - 20:00,1,Delayed,0,Rural,0,Clear,0,Van,0.05,2.5,West,Afternoon,Tuesday
1525,Warehouse B,Customer 2,33,0.63,08:00 - 12:00,1,On-time,5,Suburban,10,Rain,17,Truck,0.1,3.3,East,Evening,Thursday
5506,Warehouse A,Customer 2,136,4.12,16:00 - 20:00,1,Delayed,3,Rural,9,Snow,28,Motorcycle,0.05,6.8,South,Afternoon,Sunday
1943,Warehouse C,Customer 5,57,1.63,08:00 - 12:00,1,On-time,2,Urban,4,Snow,12,Truck,0.1,5.7,North,Evening,Sunday
5062,Warehouse A,Customer 4,69,1.28,12:00 - 16:00,1,Delayed,10,Urban,20,Clear,0,Motorcycle,0.05,3.45,East,Afternoon,Wednesday
6210,Warehouse A,Customer 2,120,2.14,08:00 - 12:00,1,Delayed,6,Urban,12,Clear,0,Motorcycle,0.05,6,East,Evening,Thursday
8277,Warehouse B,Customer 1,64,1.33,16:00 - 20:00,1,On-time,5,Suburban,25,Fog,12,Truck,0.1,6.4,West,Afternoon,Saturday
9547,Warehouse B,Customer 6,61,1.07,12:00 - 16:00,1,Delayed,10,Rural,50,Fog,19,Motorcycle,0.05,3.05,West,Evening,Sunday
7768,Warehouse C,Customer 1,110,3.14,16:00 - 20:00,1,On-time,0,Rural,0,Rain,20,Van,0.05,5.5,South,Afternoon,Tuesday
6742,Warehouse C,Customer 4,128,2.17,16:00 - 20:00,1,Delayed,3,Suburban,15,Clear,0,Motorcycle,0.05,6.4,South,Afternoon,Thursday
8598,Warehouse B,Customer 1,79,1.58,16:00 - 20:00,1,Delayed,10,Rural,10,Rain,23,Truck,0.1,7.9,West,Evening,Sunday
6680,Warehouse C,Customer 1,127,3.85,12:00 - 16:00,1,On-time,10,Rural,30,Rain,17,Van,0.05,6.35,East,Evening,Saturday
3616,Warehouse C,Customer 1,103,1.81,12:00 - 16:00,1,On-time,10,Rural,40,Clear,0,Motorcycle,0.05,5.15,South,Afternoon,Monday
7763,Warehouse B,Customer 4,53,0.98,08:00 - 12:00,1,Delayed,3,Urban,12,Snow,19,Van,0.05,2.65,North,Evening,Friday
9579,Warehouse C,Customer 5,114,2.43,16:00 - 20:00,1,Delayed,7,Rural,21,Fog,10,Motorcycle,0.05,5.7,South,Evening,Wednesday
4912,Warehouse C,Customer 1,74,1.25,16:00 - 20:00,1,On-time,4,Urban,16,Snow,17,Motorcycle,0.05,3.7,South,Morning,Wednesday
6175,Warehouse C,Customer 6,36,0.82,16:00 - 20:00,1,On-time,1,Suburban,3,Snow,13,Truck,0.1,3.6,North,Evening,Friday
7257,Warehouse B,Customer 6,81,2.61,16:00 - 20:00,1,On-time,5,Suburban,20,Snow,20,Truck,0.1,8.1,East,Afternoon,Saturday
1408,Warehouse A,Customer 2,53,0.93,08:00 - 12:00,1,On-time,4,Urban,20,Fog,20,Motorcycle,0.05,2.65,North,Afternoon,Wednesday
5376,Warehouse C,Customer 3,52,1.27,08:00 - 12:00,1,Delayed,10,Rural,10,Fog,24,Van,0.05,2.6,West,Afternoon,Friday
6013,Warehouse B,Customer 1,117,2.17,08:00 - 12:00,1,On-time,9,Rural,9,Snow,26,Truck,0.1,11.7,North,Afternoon,Monday
7150,Warehouse B,Customer 6,63,2.10,16:00 - 20:00,1,On-time,7,Urban,35,Clear,0,Van,0.05,3.15,South,Evening,Saturday
1590,Warehouse A,Customer 4,60,1.88,08:00 - 12:00,1,On-time,9,Rural,9,Snow,17,Van,0.05,3,South,Evening,Wednesday
2127,Warehouse B,Customer 1,49,1.02,16:00 - 20:00,1,On-time,1,Urban,2,Snow,30,Motorcycle,0.05,2.45,South,Evening,Tuesday
2981,Warehouse A,Customer 3,58,1.12,08:00 - 12:00,1,Delayed,8,Suburban,40,Snow,13,Motorcycle,0.05,2.9,West,Morning,Sunday
4991,Warehouse C,Customer 3,116,1.97,08:00 - 12:00,1,On-time,8,Urban,32,Snow,24,Motorcycle,0.05,5.8,South,Evening,Thursday
9374,Warehouse A,Customer 3,136,2.31,16:00 - 20:00,1,Delayed,6,Urban,6,Snow,19,Motorcycle,0.05,6.8,South,Evening,Sunday
2503,Warehouse B,Customer 5,69,1.15,16:00 - 20:00,1,On-time,6,Urban,6,Fog,28,Truck,0.1,6.9,South,Morning,Saturday
3148,Warehouse A,Customer 2,48,1.23,08:00 - 12:00,1,On-time,4,Suburban,16,Rain,28,Motorcycle,0.05,2.4,East,Afternoon,Sunday
7959,Warehouse A,Customer 3,112,1.90,16:00 - 20:00,1,On-time,10,Suburban,10,Fog,18,Truck,0.1,11.2,South,Afternoon,Monday
6316,Warehouse A,Customer 4,115,2.67,08:00 - 12:00,1,On-time,3,Urban,15,Fog,26,Truck,0.1,11.5,East,Afternoon,Saturday
4668,Warehouse B,Customer 6,51,1.38,12:00 - 16:00,1,On-time,6,Rural,12,Rain,30,Motorcycle,0.05,2.55,South,Afternoon,Wednesday
8273,Warehouse C,Customer 1,131,4.37,08:00 - 12:00,1,On-time,5,Suburban,25,Rain,18,Truck,0.1,13.1,East,Morning,Saturday
6149,Warehouse C,Customer 3,76,2.00,12:00 - 16:00,1,On-time,6,Rural,30,Fog,16,Truck,0.1,7.6,West,Evening,Wednesday
9501,Warehouse B,Customer 6,49,1.44,16:00 - 20:00,1,Delayed,7,Rural,14,Clear,0,Van,0.05,2.45,North,Afternoon,Saturday
6165,Warehouse B,Customer 5,66,1.10,08:00 - 12:00,1,On-time,4,Rural,12,Rain,17,Truck,0.1,6.6,North,Afternoon,Saturday
6633,Warehouse B,Customer 5,67,2.03,08:00 - 12:00,1,On-time,7,Rural,35,Rain,13,Van,0.05,3.35,East,Afternoon,Sunday
1751,Warehouse C,Customer 5,141,2.71,08:00 - 12:00,1,On-time,5,Rural,10,Clear,0,Motorcycle,0.05,7.05,East,Morning,Thursday
1092,Warehouse C,Customer 1,94,1.92,12:00 - 16:00,1,On-time,3,Urban,12,Clear,0,Motorcycle,0.05,4.7,East,Afternoon,Thursday
7860,Warehouse C,Customer 2,103,2.24,16:00 - 20:00,1,Delayed,7,Urban,35,Rain,21,Van,0.05,5.15,South,Afternoon,Thursday
8011,Warehouse A,Customer 3,55,1.49,12:00 - 16:00,1,Delayed,4,Suburban,12,Snow,20,Van,0.05,2.75,West,Morning,Friday
2723,Warehouse C,Customer 5,57,1.78,12:00 - 16:00,1,Delayed,2,Urban,4,Clear,0,Van,0.05,2.85,North,Morning,Tuesday
5526,Warehouse A,Customer 3,70,1.67,12:00 - 16:00,1,Delayed,2,Urban,6,Fog,20,Truck,0.1,7,North,Afternoon,Friday
5853,Warehouse B,Customer 6,131,3.36,16:00 - 20:00,1,Delayed,0,Urban,0,Fog,20,Motorcycle,0.05,6.55,South,Afternoon,Thursday
3190,Warehouse A,Customer 1,76,1.69,08:00 - 12:00,1,On-time,1,Suburban,1,Clear,0,Motorcycle,0.05,3.8,North,Afternoon,Thursday
7223,Warehouse C,Customer 5,124,2.53,16:00 - 20:00,1,On-time,6,Urban,24,Fog,23,Truck,0.1,12.4,West,Evening,Monday
1614,Warehouse C,Customer 5,110,3.44,12:00 - 16:00,1,Delayed,6,Rural,30,Clear,0,Van,0.05,5.5,West,Afternoon,Friday
2085,Warehouse C,Customer 1,56,1.22,12:00 - 16:00,1,On-time,3,Urban,3,Fog,13,Truck,0.1,5.6,North,Afternoon,Thursday
3533,Warehouse B,Customer 4,107,2.23,16:00 - 20:00,1,On-time,9,Rural,9,Fog,11,Truck,0.1,10.7,North,Morning,Sunday
9842,Warehouse C,Customer 4,72,1.47,12:00 - 16:00,1,On-time,4,Urban,20,Rain,18,Van,0.05,3.6,South,Evening,Thursday
7202,Warehouse B,Customer 2,112,1.96,08:00 - 12:00,1,On-time,4,Urban,12,Clear,0,Van,0.05,5.6,North,Morning,Wednesday
1272,Warehouse B,Customer 3,84,1.87,12:00 - 16:00,2,Delayed,9,Urban,18,Clear,0,Truck,0.1,8.4,West,Afternoon,Sunday
7663,Warehouse A,Customer 4,75,1.88,08:00 - 12:00,2,On-time,10,Urban,40,Snow,15,Truck,0.1,7.5,East,Afternoon,Friday
2142,Warehouse C,Customer 6,96,1.63,12:00 - 16:00,2,Delayed,6,Rural,18,Fog,16,Motorcycle,0.05,4.8,West,Afternoon,Saturday
4657,Warehouse C,Customer 4,90,2.31,08:00 - 12:00,2,Delayed,9,Urban,36,Rain,30,Truck,0.1,9,West,Evening,Thursday
6994,Warehouse C,Customer 3,95,2.64,12:00 - 16:00,2,Delayed,10,Suburban,40,Snow,26,Van,0.05,4.75,North,Afternoon,Saturday
4079,Warehouse A,Customer 2,142,2.96,08:00 - 12:00,2,On-time,4,Rural,8,Rain,25,Motorcycle,0.05,7.1,South,Evening,Thursday
9129,Warehouse A,Customer 1,145,2.90,12:00 - 16:00,2,On-time,8,Suburban,24,Clear,0,Motorcycle,0.05,7.25,North,Morning,Monday
9513,Warehouse B,Customer 1,60,1.67,12:00 - 16:00,2,Delayed,2,Urban,4,Clear,0,Motorcycle,0.05,3,South,Afternoon,Thursday
3421,Warehouse C,Customer 2,95,1.70,12:00 - 16:00,2,On-time,10,Urban,40,Rain,18,Van,0.05,4.75,South,Evening,Wednesday
9598,Warehouse C,Customer 3,79,1.58,16:00 - 20:00,2,Delayed,10,Suburban,10,Rain,16,Truck,0.1,7.9,East,Afternoon,Wednesday
1086,Warehouse B,Customer 6,70,1.35,12:00 - 16:00,2,Delayed,10,Rural,30,Snow,20,Van,0.05,3.5,West,Morning,Saturday
1246,Warehouse B,Customer 3,137,2.28,12:00 - 16:00,2,On-time,2,Urban,8,Rain,22,Van,0.05,6.85,East,Morning,Friday
5405,Warehouse A,Customer 3,63,1.21,16:00 - 20:00,2,On-time,6,Suburban,30,Fog,10,Truck,0.1,6.3,South,Morning,Friday
2580,Warehouse A,Customer 1,44,0.90,16:00 - 20:00,2,On-time,9,Suburban,18,Snow,19,Van,0.05,2.2,West,Afternoon,Tuesday
1369,Warehouse A,Customer 4,94,3.13,08:00 - 12:00,2,On-time,7,Urban,14,Rain,12,Van,0.05,4.7,West,Evening,Monday
5662,Warehouse A,Customer 5,31,0.60,12:00 - 16:00,2,Delayed,5,Urban,15,Snow,29,Motorcycle,0.05,1.55,North,Evening,Monday
1288,Warehouse B,Customer 6,130,4.06,12:00 - 16:00,2,On-time,8,Suburban,24,Snow,28,Truck,0.1,13,East,Afternoon,Friday
6851,Warehouse B,Customer 2,93,2.11,08:00 - 12:00,2,On-time,4,Suburban,4,Clear,0,Truck,0.1,9.3,East,Afternoon,Sunday
3599,Warehouse C,Customer 4,90,3.00,16:00 - 20:00,2,On-time,8,Rural,8,Clear,0,Van,0.05,4.5,East,Afternoon,Sunday
8018,Warehouse A,Customer 5,120,3.87,08:00 - 12:00,2,Delayed,5,Rural,15,Clear,0,Motorcycle,0.05,6,North,Evening,Sunday
2681,Warehouse C,Customer 6,96,2.29,16:00 - 20:00,2,On-time,9,Rural,18,Rain,14,Motorcycle,0.05,4.8,West,Afternoon,Friday
6916,Warehouse A,Customer 3,44,0.79,12:00 - 16:00,2,On-time,7,Suburban,28,Rain,30,Motorcycle,0.05,2.2,East,Morning,Thursday
4184,Warehouse B,Customer 5,39,0.93,16:00 - 20:00,2,On-time,2,Rural,6,Fog,29,Truck,0.1,3.9,South,Morning,Friday
1724,Warehouse A,Customer 1,82,1.78,12:00 - 16:00,2,On-time,7,Urban,35,Fog,10,Van,0.05,4.1,West,Morning,Saturday
7781,Warehouse C,Customer 6,40,1.21,16:00 - 20:00,2,On-time,2,Suburban,6,Rain,24,Motorcycle,0.05,2,North,Evening,Monday
7144,Warehouse B,Customer 1,125,2.55,16:00 - 20:00,2,On-time,5,Rural,25,Snow,25,Van,0.05,6.25,North,Evening,Friday
1297,Warehouse A,Customer 5,52,0.91,08:00 - 12:00,2,On-time,4,Urban,20,Rain,26,Motorcycle,0.05,2.6,North,Evening,Thursday
6792,Warehouse C,Customer 1,107,1.78,08:00 - 12:00,2,On-time,3,Urban,3,Clear,0,Motorcycle,0.05,5.35,South,Afternoon,Sunday
6644,Warehouse B,Customer 4,64,2.06,12:00 - 16:00,2,Delayed,3,Rural,15,Clear,0,Van,0.05,3.2,North,Morning,Sunday
9324,Warehouse C,Customer 5,60,1.03,08:00 - 12:00,2,On-time,5,Rural,15,Clear,0,Motorcycle,0.05,3,East,Afternoon,Tuesday
8396,Warehouse B,Customer 6,125,2.72,16:00 - 20:00,2,Delayed,9,Rural,36,Snow,23,Van,0.05,6.25,East,Morning,Thursday
4061,Warehouse A,Customer 2,144,3.69,08:00 - 12:00,2,On-time,7,Rural,14,Rain,14,Van,0.05,7.2,West,Morning,Wednesday
6478,Warehouse B,Customer 5,87,2.29,12:00 - 16:00,2,On-time,2,Suburban,2,Clear,0,Truck,0.1,8.7,East,Evening,Tuesday
8181,Warehouse C,Customer 6,67,1.97,12:00 - 16:00,2,On-time,1,Rural,3,Fog,26,Motorcycle,0.05,3.35,South,Afternoon,Thursday
4882,Warehouse B,Customer 5,140,2.55,16:00 - 20:00,2,On-time,3,Rural,12,Clear,0,Truck,0.1,14,East,Morning,Thursday
1355,Warehouse A,Customer 5,128,2.56,08:00 - 12:00,2,On-time,2,Suburban,10,Snow,23,Truck,0.1,12.8,South,Afternoon,Tuesday
2905,Warehouse C,Customer 3,48,1.55,08:00 - 12:00,2,On-time,0,Suburban,0,Fog,12,Truck,0.1,4.8,West,Afternoon,Sunday
5569,Warehouse C,Customer 4,132,2.54,16:00 - 20:00,2,On-time,3,Urban,12,Fog,26,Van,0.05,6.6,South,Afternoon,Wednesday
3572,Warehouse A,Customer 3,123,2.86,12:00 - 16:00,2,Delayed,9,Urban,27,Snow,11,Van,0.05,6.15,South,Evening,Monday
3379,Warehouse C,Customer 1,106,3.21,12:00 - 16:00,2,On-time,5,Suburban,15,Rain,12,Truck,0.1,10.6,West,Evening,Wednesday
7997,Warehouse B,Customer 5,80,1.48,12:00 - 16:00,2,On-time,3,Rural,9,Fog,26,Motorcycle,0.05,4,West,Evening,Monday
9974,Warehouse B,Customer 1,69,1.73,08:00 - 12:00,2,On-time,5,Rural,25,Fog,10,Truck,0.1,6.9,North,Morning,Sunday
6805,Warehouse C,Customer 4,45,1.32,12:00 - 16:00,2,Delayed,10,Rural,10,Rain,15,Van,0.05,2.25,South,Afternoon,Friday
6524,Warehouse B,Customer 6,67,2.16,08:00 - 12:00,2,On-time,5,Suburban,5,Snow,10,Motorcycle,0.05,3.35,East,Morning,Friday
7992,Warehouse C,Customer 3,46,1.05,16:00 - 20:00,2,On-time,4,Suburban,16,Clear,0,Van,0.05,2.3,East,Evening,Wednesday
3855,Warehouse A,Customer 5,145,3.09,16:00 - 20:00,2,On-time,9,Suburban,9,Clear,0,Truck,0.1,14.5,East,Afternoon,Monday
3844,Warehouse C,Customer 3,122,3.59,16:00 - 20:00,2,Delayed,1,Urban,1,Clear,0,Van,0.05,6.1,East,Afternoon,Saturday
7245,Warehouse B,Customer 5,47,0.82,16:00 - 20:00,2,On-time,4,Urban,4,Clear,0,Van,0.05,2.35,South,Morning,Wednesday
5958,Warehouse A,Customer 3,83,2.24,16:00 - 20:00,2,On-time,2,Urban,2,Clear,0,Van,0.05,4.15,West,Morning,Wednesday
1003,Warehouse B,Customer 1,89,1.93,16:00 - 20:00,2,On-time,8,Suburban,16,Rain,28,Van,0.05,4.45,West,Morning,Saturday
5895,Warehouse B,Customer 5,67,1.52,12:00 - 16:00,2,On-time,1,Urban,5,Clear,0,Truck,0.1,6.7,West,Morning,Saturday
9451,Warehouse B,Customer 6,139,3.48,08:00 - 12:00,2,On-time,6,Suburban,30,Rain,21,Van,0.05,6.95,West,Evening,Monday
9664,Warehouse B,Customer 1,127,3.63,16:00 - 20:00,2,On-time,1,Rural,2,Clear,0,Van,0.05,6.35,East,Afternoon,Saturday
7024,Warehouse C,Customer 1,39,0.65,08:00 - 12:00,2,Delayed,0,Suburban,0,Fog,17,Van,0.05,1.95,West,Afternoon,Thursday
5241,Warehouse C,Customer 5,48,1.37,16:00 - 20:00,2,On-time,6,Rural,24,Snow,22,Motorcycle,0.05,2.4,South,Morning,Tuesday
4246,Warehouse C,Customer 3,80,2.22,12:00 - 16:00,2,On-time,6,Suburban,18,Clear,0,Van,0.05,4,East,Morning,Wednesday
2207,Warehouse A,Customer 2,139,3.09,08:00 - 12:00,2,Delayed,2,Suburban,8,Clear,0,Motorcycle,0.05,6.95,East,Evening,Wednesday
3510,Warehouse B,Customer 3,120,3.64,08:00 - 12:00,2,On-time,8,Suburban,24,Rain,19,Motorcycle,0.05,6,East,Afternoon,Wednesday
8889,Warehouse A,Customer 3,133,2.29,16:00 - 20:00,2,On-time,4,Rural,8,Clear,0,Motorcycle,0.05,6.65,West,Morning,Tuesday
4781,Warehouse B,Customer 1,79,1.32,08:00 - 12:00,2,On-time,7,Urban,21,Rain,15,Motorcycle,0.05,3.95,West,Afternoon,Thursday
3309,Warehouse A,Customer 3,85,1.77,08:00 - 12:00,2,On-time,4,Urban,8,Clear,0,Motorcycle,0.05,4.25,South,Evening,Tuesday
9368,Warehouse A,Customer 5,136,2.43,12:00 - 16:00,2,On-time,5,Rural,15,Snow,30,Motorcycle,0.05,6.8,West,Morning,Thursday
3982,Warehouse A,Customer 4,141,4.70,12:00 - 16:00,2,On-time,0,Urban,0,Rain,14,Motorcycle,0.05,7.05,South,Evening,Monday
1189,Warehouse A,Customer 1,85,1.47,16:00 - 20:00,2,On-time,3,Urban,12,Rain,17,Motorcycle,0.05,4.25,East,Evening,Friday
5920,Warehouse C,Customer 4,148,4.11,08:00 - 12:00,2,On-time,3,Urban,6,Snow,26,Van,0.05,7.4,East,Afternoon,Saturday
4133,Warehouse B,Customer 4,133,2.71,16:00 - 20:00,2,On-time,9,Suburban,27,Rain,21,Truck,0.1,13.3,South,Evening,Wednesday
7728,Warehouse B,Customer 1,103,2.19,08:00 - 12:00,2,On-time,2,Urban,2,Snow,30,Van,0.05,5.15,East,Morning,Sunday
2641,Warehouse C,Customer 1,63,1.66,16:00 - 20:00,2,Delayed,9,Rural,45,Rain,29,Motorcycle,0.05,3.15,West,Morning,Friday
9391,Warehouse C,Customer 5,150,2.83,16:00 - 20:00,2,On-time,10,Urban,40,Snow,19,Motorcycle,0.05,7.5,North,Evening,Friday
2003,Warehouse C,Customer 2,84,1.71,12:00 - 16:00,2,Delayed,0,Suburban,0,Rain,22,Motorcycle,0.05,4.2,East,Morning,Monday
9197,Warehouse B,Customer 2,82,1.64,16:00 - 20:00,2,Delayed,4,Urban,4,Fog,22,Truck,0.1,8.2,East,Afternoon,Thursday
7247,Warehouse B,Customer 6,41,0.98,12:00 - 16:00,2,On-time,2,Rural,10,Rain,23,Truck,0.1,4.1,South,Afternoon,Tuesday
6843,Warehouse A,Customer 1,128,2.13,08:00 - 12:00,2,On-time,2,Urban,6,Rain,25,Motorcycle,0.05,6.4,West,Evening,Friday
3804,Warehouse B,Customer 4,106,2.59,08:00 - 12:00,2,On-time,4,Rural,20,Fog,13,Truck,0.1,10.6,South,Morning,Monday
7997,Warehouse B,Customer 3,88,2.05,08:00 - 12:00,2,Delayed,7,Urban,28,Fog,12,Van,0.05,4.4,West,Afternoon,Friday
2203,Warehouse C,Customer 3,54,1.13,12:00 - 16:00,2,On-time,9,Suburban,18,Clear,0,Motorcycle,0.05,2.7,East,Evening,Wednesday
7092,Warehouse A,Customer 4,74,1.95,08:00 - 12:00,2,On-time,5,Urban,20,Fog,19,Van,0.05,3.7,South,Morning,Tuesday
2751,Warehouse C,Customer 4,46,1.15,16:00 - 20:00,2,On-time,9,Suburban,18,Rain,21,Truck,0.1,4.6,South,Evening,Wednesday
5816,Warehouse B,Customer 5,131,3.64,12:00 - 16:00,2,On-time,4,Suburban,4,Fog,12,Motorcycle,0.05,6.55,North,Morning,Thursday
3387,Warehouse C,Customer 2,120,2.93,08:00 - 12:00,2,Delayed,1,Suburban,2,Rain,13,Van,0.05,6,East,Morning,Tuesday
5623,Warehouse C,Customer 4,83,2.08,16:00 - 20:00,2,On-time,1,Rural,4,Snow,26,Motorcycle,0.05,4.15,North,Afternoon,Thursday
7076,Warehouse A,Customer 6,52,1.04,12:00 - 16:00,2,On-time,7,Rural,35,Clear,0,Van,0.05,2.6,West,Afternoon,Friday
9359,Warehouse B,Customer 4,31,0.84,08:00 - 12:00,2,On-time,8,Urban,16,Snow,21,Van,0.05,1.55,East,Morning,Thursday
4219,Warehouse C,Customer 4,99,2.25,08:00 - 12:00,2,On-time,8,Urban,32,Rain,26,Van,0.05,4.95,North,Evening,Friday
5578,Warehouse C,Customer 2,32,0.89,16:00 - 20:00,2,On-time,7,Urban,21,Rain,18,Truck,0.1,3.2,West,Afternoon,Friday
3305,Warehouse B,Customer 5,95,2.38,16:00 - 20:00,2,Delayed,6,Urban,12,Snow,26,Van,0.05,4.75,West,Evening,Friday
4986,Warehouse B,Customer 6,54,0.93,12:00 - 16:00,2,On-time,4,Urban,12,Snow,12,Motorcycle,0.05,2.7,South,Afternoon,Sunday
6471,Warehouse B,Customer 5,33,0.72,12:00 - 16:00,2,On-time,1,Rural,2,Clear,0,Truck,0.1,3.3,East,Evening,Saturday
5704,Warehouse A,Customer 5,58,1.21,08:00 - 12:00,2,Delayed,1,Rural,4,Fog,25,Motorcycle,0.05,2.9,South,Afternoon,Friday
3479,Warehouse C,Customer 4,103,2.10,08:00 - 12:00,2,Delayed,4,Rural,16,Fog,13,Truck,0.1,10.3,East,Evening,Thursday
6091,Warehouse C,Customer 4,113,2.13,12:00 - 16:00,2,On-time,9,Urban,36,Fog,18,Van,0.05,5.65,South,Afternoon,Saturday
4702,Warehouse C,Customer 4,61,1.24,08:00 - 12:00,2,On-time,3,Suburban,15,Snow,24,Motorcycle,0.05,3.05,South,Afternoon,Wednesday
5367,Warehouse A,Customer 6,136,4.00,16:00 - 20:00,2,Delayed,8,Urban,40,Snow,27,Truck,0.1,13.6,West,Afternoon,Saturday
8103,Warehouse A,Customer 4,137,3.61,16:00 - 20:00,2,Delayed,3,Rural,6,Clear,0,Motorcycle,0.05,6.85,South,Evening,Thursday
9065,Warehouse B,Customer 2,81,2.13,08:00 - 12:00,2,Delayed,4,Urban,12,Clear,0,Motorcycle,0.05,4.05,West,Morning,Thursday
3901,Warehouse B,Customer 2,64,1.45,12:00 - 16:00,2,On-time,3,Rural,3,Clear,0,Motorcycle,0.05,3.2,East,Morning,Wednesday
4764,Warehouse B,Customer 4,95,1.94,08:00 - 12:00,2,On-time,8,Suburban,40,Fog,16,Van,0.05,4.75,West,Afternoon,Saturday
5459,Warehouse A,Customer 5,119,2.09,08:00 - 12:00,2,On-time,5,Urban,25,Rain,23,Truck,0.1,11.9,West,Afternoon,Wednesday
7898,Warehouse B,Customer 2,115,1.92,08:00 - 12:00,2,On-time,9,Urban,36,Clear,0,Van,0.05,5.75,South,Morning,Tuesday
6275,Warehouse A,Customer 2,35,1.06,08:00 - 12:00,2,Delayed,6,Rural,6,Snow,12,Motorcycle,0.05,1.75,South,Morning,Thursday
9782,Warehouse A,Customer 2,71,1.69,08:00 - 12:00,2,On-time,2,Urban,10,Clear,0,Truck,0.1,7.1,West,Evening,Friday
9288,Warehouse C,Customer 3,129,2.93,08:00 - 12:00,2,On-time,10,Rural,20,Fog,14,Truck,0.1,12.9,South,Afternoon,Sunday
8869,Warehouse A,Customer 4,65,1.25,08:00 - 12:00,2,On-time,6,Suburban,30,Clear,0,Van,0.05,3.25,South,Afternoon,Tuesday
3527,Warehouse A,Customer 2,31,0.89,12:00 - 16:00,2,Delayed,3,Rural,12,Clear,0,Van,0.05,1.55,South,Afternoon,Friday
1210,Warehouse C,Customer 6,79,2.39,08:00 - 12:00,2,Delayed,4,Urban,8,Fog,19,Motorcycle,0.05,3.95,North,Evening,Sunday
5950,Warehouse C,Customer 5,122,2.60,16:00 - 20:00,2,On-time,8,Rural,32,Clear,0,Truck,0.1,12.2,East,Morning,Thursday
8500,Warehouse A,Customer 3,42,0.71,16:00 - 20:00,2,On-time,1,Urban,2,Fog,25,Motorcycle,0.05,2.1,South,Evening,Wednesday
5074,Warehouse A,Customer 5,109,2.95,12:00 - 16:00,2,Delayed,6,Urban,18,Rain,19,Truck,0.1,10.9,East,Morning,Friday
4147,Warehouse C,Customer 3,41,1.03,08:00 - 12:00,2,On-time,0,Urban,0,Clear,0,Van,0.05,2.05,East,Morning,Sunday
7109,Warehouse B,Customer 4,35,0.81,12:00 - 16:00,2,On-time,5,Suburban,5,Clear,0,Motorcycle,0.05,1.75,West,Afternoon,Tuesday
2204,Warehouse C,Customer 6,43,0.77,12:00 - 16:00,2,Delayed,6,Urban,18,Snow,29,Motorcycle,0.05,2.15,East,Morning,Thursday
6341,Warehouse C,Customer 2,59,1.84,08:00 - 12:00,2,On-time,4,Suburban,8,Snow,27,Van,0.05,2.95,East,Afternoon,Tuesday
9507,Warehouse A,Customer 5,53,1.71,12:00 - 16:00,2,On-time,4,Urban,16,Rain,30,Van,0.05,2.65,North,Afternoon,Thursday
8529,Warehouse A,Customer 6,33,0.61,16:00 - 20:00,2,Delayed,3,Rural,15,Fog,25,Van,0.05,1.65,West,Afternoon,Friday
3662,Warehouse C,Customer 5,123,3.62,12:00 - 16:00,2,On-time,9,Rural,9,Rain,10,Truck,0.1,12.3,East,Afternoon,Saturday
9130,Warehouse C,Customer 1,133,2.61,08:00 - 12:00,2,On-time,1,Suburban,1,Clear,0,Truck,0.1,13.3,West,Evening,Thursday
6921,Warehouse A,Customer 3,80,1.36,16:00 - 20:00,2,On-time,3,Suburban,9,Snow,23,Motorcycle,0.05,4,North,Evening,Saturday
6370,Warehouse C,Customer 4,126,2.25,16:00 - 20:00,2,On-time,5,Urban,10,Rain,19,Truck,0.1,12.6,West,Evening,Saturday
2123,Warehouse A,Customer 6,141,2.52,08:00 - 12:00,2,On-time,5,Suburban,20,Snow,14,Van,0.05,7.05,South,Morning,Thursday
8724,Warehouse A,Customer 6,66,2.00,16:00 - 20:00,2,Delayed,7,Suburban,35,Rain,15,Van,0.05,3.3,South,Morning,Thursday
6002,Warehouse C,Customer 4,127,2.40,08:00 - 12:00,2,On-time,1,Urban,3,Fog,19,Van,0.05,6.35,North,Evening,Sunday
1830,Warehouse A,Customer 6,44,0.81,08:00 - 12:00,2,On-time,9,Urban,18,Fog,29,Van,0.05,2.2,North,Evening,Thursday
1509,Warehouse A,Customer 4,90,1.84,08:00 - 12:00,2,On-time,7,Rural,21,Rain,18,Motorcycle,0.05,4.5,East,Morning,Saturday
1150,Warehouse B,Customer 6,101,2.73,08:00 - 12:00,2,On-time,6,Suburban,30,Rain,27,Motorcycle,0.05,5.05,East,Evening,Wednesday
5873,Warehouse A,Customer 2,138,2.82,12:00 - 16:00,2,On-time,9,Urban,9,Fog,16,Truck,0.1,13.8,North,Evening,Saturday
7944,Warehouse A,Customer 1,61,1.15,12:00 - 16:00,2,On-time,10,Suburban,40,Rain,26,Van,0.05,3.05,East,Morning,Sunday
3252,Warehouse A,Customer 5,144,2.94,16:00 - 20:00,3,On-time,10,Urban,30,Snow,14,Motorcycle,0.05,7.2,East,Afternoon,Saturday
3277,Warehouse A,Customer 2,47,1.42,12:00 - 16:00,3,Delayed,7,Urban,28,Clear,0,Truck,0.1,4.7,West,Afternoon,Saturday
9735,Warehouse B,Customer 1,127,4.23,12:00 - 16:00,3,On-time,7,Rural,35,Snow,24,Motorcycle,0.05,6.35,South,Evening,Monday
5471,Warehouse A,Customer 3,79,2.26,12:00 - 16:00,3,On-time,1,Suburban,5,Clear,0,Van,0.05,3.95,East,Afternoon,Saturday
1954,Warehouse C,Customer 4,51,1.00,12:00 - 16:00,3,Delayed,1,Urban,5,Rain,22,Motorcycle,0.05,2.55,West,Morning,Saturday
5096,Warehouse C,Customer 1,87,2.07,12:00 - 16:00,3,On-time,1,Rural,3,Rain,30,Motorcycle,0.05,4.35,West,Evening,Friday
2852,Warehouse C,Customer 4,87,2.64,16:00 - 20:00,3,On-time,7,Rural,14,Clear,0,Van,0.05,4.35,West,Morning,Wednesday
7918,Warehouse B,Customer 2,42,1.17,12:00 - 16:00,3,On-time,8,Urban,40,Snow,17,Van,0.05,2.1,West,Afternoon,Saturday
5982,Warehouse A,Customer 5,132,3.47,12:00 - 16:00,3,Delayed,10,Urban,50,Rain,29,Van,0.05,6.6,West,Evening,Sunday
1798,Warehouse B,Customer 4,74,1.64,16:00 - 20:00,3,On-time,2,Urban,6,Snow,19,Van,0.05,3.7,South,Afternoon,Wednesday
5032,Warehouse B,Customer 5,120,2.35,16:00 - 20:00,3,On-time,5,Suburban,5,Snow,23,Motorcycle,0.05,6,North,Afternoon,Friday
9635,Warehouse B,Customer 4,112,2.87,12:00 - 16:00,3,Delayed,7,Suburban,35,Snow,29,Motorcycle,0.05,5.6,South,Afternoon,Sunday
9059,Warehouse B,Customer 3,79,1.41,16:00 - 20:00,3,On-time,4,Rural,16,Clear,0,Motorcycle,0.05,3.95,North,Morning,Monday
1322,Warehouse C,Customer 2,134,2.31,16:00 - 20:00,3,On-time,6,Rural,18,Rain,15,Van,0.05,6.7,East,Evening,Thursday
1716,Warehouse C,Customer 1,57,0.95,16:00 - 20:00,3,Delayed,7,Urban,21,Snow,12,Truck,0.1,5.7,West,Morning,Wednesday
9093,Warehouse B,Customer 2,122,2.35,16:00 - 20:00,3,On-time,0,Suburban,0,Snow,13,Van,0.05,6.1,East,Evening,Saturday
5080,Warehouse A,Customer 1,55,1.17,12:00 - 16:00,3,Delayed,6,Rural,12,Snow,28,Motorcycle,0.05,2.75,East,Evening,Friday
5231,Warehouse C,Customer 1,134,3.62,12:00 - 16:00,3,On-time,1,Rural,3,Clear,0,Motorcycle,0.05,6.7,South,Afternoon,Tuesday
2826,Warehouse B,Customer 1,122,3.13,12:00 - 16:00,3,On-time,9,Suburban,36,Rain,14,Truck,0.1,12.2,North,Afternoon,Saturday
2546,Warehouse B,Customer 4,147,2.72,16:00 - 20:00,3,On-time,5,Urban,10,Fog,29,Van,0.05,7.35,North,Afternoon,Thursday
1063,Warehouse C,Customer 4,84,1.65,16:00 - 20:00,3,On-time,6,Rural,6,Rain,26,Truck,0.1,8.4,West,Morning,Wednesday
3819,Warehouse A,Customer 2,48,1.50,12:00 - 16:00,3,On-time,0,Rural,0,Snow,29,Van,0.05,2.4,West,Morning,Friday
9043,Warehouse B,Customer 1,68,2.00,12:00 - 16:00,3,On-time,10,Urban,10,Clear,0,Van,0.05,3.4,North,Afternoon,Sunday
1003,Warehouse C,Customer 1,73,1.43,12:00 - 16:00,3,On-time,5,Rural,10,Rain,30,Truck,0.1,7.3,West,Afternoon,Tuesday
8424,Warehouse B,Customer 6,37,0.71,16:00 - 20:00,3,Delayed,10,Suburban,10,Rain,29,Truck,0.1,3.7,North,Evening,Sunday
6230,Warehouse A,Customer 5,140,2.80,16:00 - 20:00,3,Delayed,9,Suburban,45,Clear,0,Van,0.05,7,West,Afternoon,Wednesday
2565,Warehouse C,Customer 6,134,3.44,08:00 - 12:00,3,On-time,9,Suburban,18,Fog,11,Truck,0.1,13.4,East,Afternoon,Sunday
2152,Warehouse A,Customer 4,49,1.32,12:00 - 16:00,3,Delayed,5,Urban,10,Clear,0,Motorcycle,0.05,2.45,East,Evening,Tuesday
4824,Warehouse B,Customer 6,113,2.63,12:00 - 16:00,3,On-time,5,Rural,15,Rain,10,Van,0.05,5.65,West,Morning,Sunday
6402,Warehouse C,Customer 5,120,2.26,12:00 - 16:00,3,On-time,5,Urban,25,Rain,12,Van,0.05,6,North,Afternoon,Monday
8666,Warehouse A,Customer 2,95,2.88,16:00 - 20:00,3,On-time,7,Urban,35,Fog,25,Motorcycle,0.05,4.75,North,Morning,Monday
7622,Warehouse A,Customer 3,40,1.08,08:00 - 12:00,3,Delayed,2,Rural,4,Clear,0,Motorcycle,0.05,2,East,Morning,Monday
4302,Warehouse C,Customer 4,150,5.00,08:00 - 12:00,3,Delayed,3,Urban,9,Rain,11,Truck,0.1,15,West,Afternoon,Friday
5640,Warehouse A,Customer 2,150,3.33,08:00 - 12:00,3,On-time,5,Suburban,5,Clear,0,Van,0.05,7.5,West,Afternoon,Monday
5579,Warehouse A,Customer 2,93,2.16,12:00 - 16:00,3,On-time,8,Suburban,24,Clear,0,Truck,0.1,9.3,East,Morning,Friday
9413,Warehouse C,Customer 6,99,1.74,16:00 - 20:00,3,On-time,3,Rural,15,Snow,21,Van,0.05,4.95,East,Morning,Wednesday
1916,Warehouse B,Customer 3,47,1.34,12:00 - 16:00,3,Delayed,8,Suburban,16,Fog,18,Van,0.05,2.35,North,Afternoon,Thursday
3542,Warehouse C,Customer 1,92,1.77,12:00 - 16:00,3,On-time,6,Urban,30,Rain,14,Van,0.05,4.6,East,Evening,Wednesday
1568,Warehouse A,Customer 2,60,1.71,16:00 - 20:00,3,On-time,6,Rural,24,Snow,14,Motorcycle,0.05,3,South,Evening,Wednesday
3075,Warehouse C,Customer 6,62,1.03,16:00 - 20:00,3,Delayed,6,Rural,30,Snow,28,Van,0.05,3.1,East,Evening,Saturday
3900,Warehouse B,Customer 2,40,1.18,16:00 - 20:00,3,Delayed,6,Suburban,24,Clear,0,Van,0.05,2,West,Evening,Friday
5437,Warehouse C,Customer 1,131,2.34,12:00 - 16:00,3,On-time,3,Suburban,15,Fog,27,Van,0.05,6.55,North,Morning,Sunday
1276,Warehouse C,Customer 3,94,1.59,12:00 - 16:00,3,On-time,1,Urban,5,Fog,12,Van,0.05,4.7,West,Morning,Friday
3233,Warehouse A,Customer 1,116,2.15,16:00 - 20:00,3,On-time,1,Urban,2,Clear,0,Truck,0.1,11.6,North,Afternoon,Sunday
7427,Warehouse C,Customer 5,133,4.29,08:00 - 12:00,3,Delayed,7,Suburban,21,Snow,20,Van,0.05,6.65,East,Morning,Sunday
7406,Warehouse C,Customer 5,92,2.09,12:00 - 16:00,3,On-time,10,Rural,20,Clear,0,Motorcycle,0.05,4.6,West,Afternoon,Saturday
9697,Warehouse A,Customer 3,102,2.62,16:00 - 20:00,3,On-time,7,Urban,14,Clear,0,Van,0.05,5.1,East,Afternoon,Saturday
5645,Warehouse A,Customer 6,136,4.12,12:00 - 16:00,3,Delayed,5,Rural,20,Rain,29,Truck,0.1,13.6,South,Morning,Wednesday
8525,Warehouse A,Customer 6,100,2.08,12:00 - 16:00,3,Delayed,2,Rural,2,Clear,0,Motorcycle,0.05,5,North,Morning,Tuesday
1640,Warehouse A,Customer 6,31,0.63,08:00 - 12:00,3,Delayed,2,Suburban,8,Clear,0,Truck,0.1,3.1,South,Morning,Thursday
7973,Warehouse B,Customer 4,133,3.91,08:00 - 12:00,3,On-time,10,Suburban,20,Clear,0,Motorcycle,0.05,6.65,East,Morning,Tuesday
2000,Warehouse A,Customer 6,131,3.28,08:00 - 12:00,3,Delayed,2,Suburban,10,Rain,27,Motorcycle,0.05,6.55,West,Morning,Saturday
1100,Warehouse A,Customer 6,85,2.13,12:00 - 16:00,3,Delayed,9,Suburban,45,Fog,13,Motorcycle,0.05,4.25,South,Morning,Friday
4297,Warehouse A,Customer 3,77,1.79,08:00 - 12:00,3,Delayed,6,Urban,30,Clear,0,Truck,0.1,7.7,South,Evening,Monday
9370,Warehouse B,Customer 3,93,1.98,16:00 - 20:00,3,Delayed,5,Suburban,5,Fog,15,Van,0.05,4.65,West,Afternoon,Monday
9256,Warehouse A,Customer 5,82,1.78,12:00 - 16:00,3,On-time,2,Urban,2,Fog,19,Motorcycle,0.05,4.1,South,Afternoon,Monday
8434,Warehouse A,Customer 1,102,1.89,16:00 - 20:00,3,On-time,3,Urban,3,Rain,10,Motorcycle,0.05,5.1,North,Afternoon,Friday
7840,Warehouse C,Customer 6,88,2.84,08:00 - 12:00,3,On-time,2,Urban,2,Snow,23,Van,0.05,4.4,South,Afternoon,Sunday
3902,Warehouse A,Customer 6,51,1.11,08:00 - 12:00,3,On-time,9,Suburban,18,Snow,11,Truck,0.1,5.1,North,Evening,Friday
2691,Warehouse A,Customer 2,46,0.92,08:00 - 12:00,3,On-time,3,Urban,12,Rain,25,Van,0.05,2.3,North,Morning,Wednesday
6773,Warehouse A,Customer 5,42,0.79,08:00 - 12:00,3,Delayed,3,Suburban,3,Clear,0,Truck,0.1,4.2,West,Afternoon,Monday
9498,Warehouse C,Customer 2,137,3.04,16:00 - 20:00,3,Delayed,0,Urban,0,Snow,26,Truck,0.1,13.7,North,Evening,Wednesday
9418,Warehouse B,Customer 4,90,3.00,16:00 - 20:00,3,On-time,7,Urban,21,Rain,17,Truck,0.1,9,South,Evening,Wednesday
1884,Warehouse A,Customer 1,124,3.54,16:00 - 20:00,3,On-time,2,Rural,10,Snow,24,Motorcycle,0.05,6.2,North,Afternoon,Wednesday
9835,Warehouse A,Customer 3,52,1.18,16:00 - 20:00,3,On-time,0,Urban,0,Rain,30,Motorcycle,0.05,2.6,South,Morning,Tuesday
4592,Warehouse B,Customer 3,133,3.24,16:00 - 20:00,3,On-time,6,Urban,18,Clear,0,Truck,0.1,13.3,East,Morning,Monday
9144,Warehouse A,Customer 4,59,1.09,08:00 - 12:00,3,On-time,2,Urban,10,Clear,0,Truck,0.1,5.9,South,Morning,Sunday
4618,Warehouse A,Customer 3,86,2.39,08:00 - 12:00,3,On-time,7,Rural,35,Rain,17,Truck,0.1,8.6,South,Afternoon,Sunday
6585,Warehouse A,Customer 5,86,2.87,08:00 - 12:00,3,Delayed,3,Suburban,9,Clear,0,Motorcycle,0.05,4.3,North,Afternoon,Wednesday
1481,Warehouse A,Customer 4,60,1.94,16:00 - 20:00,3,On-time,4,Suburban,8,Snow,23,Van,0.05,3,East,Morning,Wednesday
3482,Warehouse C,Customer 2,113,3.05,16:00 - 20:00,3,Delayed,5,Urban,15,Fog,15,Truck,0.1,11.3,South,Evening,Tuesday
5457,Warehouse A,Customer 6,81,1.37,08:00 - 12:00,3,Delayed,0,Suburban,0,Clear,0,Truck,0.1,8.1,East,Evening,Tuesday
9169,Warehouse C,Customer 6,109,2.53,16:00 - 20:00,3,On-time,10,Suburban,40,Clear,0,Truck,0.1,10.9,East,Evening,Friday
4834,Warehouse C,Customer 1,132,4.26,16:00 - 20:00,3,On-time,10,Rural,20,Clear,0,Truck,0.1,13.2,South,Morning,Wednesday
7838,Warehouse B,Customer 5,108,2.45,12:00 - 16:00,3,Delayed,4,Suburban,4,Rain,23,Van,0.05,5.4,South,Evening,Sunday
7462,Warehouse B,Customer 1,101,2.35,08:00 - 12:00,3,Delayed,6,Rural,30,Fog,12,Van,0.05,5.05,North,Morning,Tuesday
6484,Warehouse B,Customer 4,47,0.78,08:00 - 12:00,3,On-time,4,Urban,4,Fog,29,Truck,0.1,4.7,North,Afternoon,Monday
3958,Warehouse A,Customer 1,40,0.89,16:00 - 20:00,3,On-time,7,Urban,21,Snow,24,Motorcycle,0.05,2,East,Morning,Friday
7705,Warehouse B,Customer 5,117,3.44,12:00 - 16:00,3,On-time,1,Urban,5,Snow,21,Truck,0.1,11.7,North,Evening,Saturday
4438,Warehouse A,Customer 1,55,0.92,08:00 - 12:00,3,On-time,3,Rural,15,Snow,16,Motorcycle,0.05,2.75,West,Evening,Monday
1239,Warehouse C,Customer 6,45,0.90,16:00 - 20:00,3,On-time,9,Rural,45,Rain,30,Truck,0.1,4.5,South,Evening,Saturday
3518,Warehouse B,Customer 5,134,2.39,16:00 - 20:00,3,Delayed,0,Urban,0,Clear,0,Truck,0.1,13.4,North,Morning,Tuesday
6158,Warehouse C,Customer 6,124,4.00,16:00 - 20:00,3,Delayed,4,Urban,20,Rain,16,Truck,0.1,12.4,North,Evening,Tuesday
9692,Warehouse A,Customer 5,81,2.70,16:00 - 20:00,3,Delayed,8,Suburban,16,Rain,21,Motorcycle,0.05,4.05,North,Evening,Friday
9289,Warehouse B,Customer 5,116,3.52,08:00 - 12:00,3,On-time,0,Suburban,0,Snow,25,Truck,0.1,11.6,North,Morning,Saturday
6041,Warehouse A,Customer 6,35,1.17,12:00 - 16:00,3,On-time,4,Rural,4,Rain,15,Truck,0.1,3.5,East,Evening,Sunday
6162,Warehouse B,Customer 6,91,1.69,16:00 - 20:00,3,On-time,0,Urban,0,Fog,30,Truck,0.1,9.1,East,Afternoon,Sunday
4857,Warehouse C,Customer 1,48,0.86,12:00 - 16:00,3,On-time,8,Suburban,24,Fog,12,Truck,0.1,4.8,North,Afternoon,Wednesday
5606,Warehouse C,Customer 3,30,0.63,08:00 - 12:00,3,Delayed,3,Rural,15,Snow,22,Van,0.05,1.5,North,Afternoon,Saturday
4818,Warehouse A,Customer 1,142,2.54,16:00 - 20:00,3,Delayed,3,Urban,6,Rain,22,Van,0.05,7.1,East,Afternoon,Tuesday
6023,Warehouse C,Customer 2,106,2.12,08:00 - 12:00,3,On-time,8,Suburban,32,Clear,0,Van,0.05,5.3,North,Morning,Saturday
9244,Warehouse C,Customer 1,103,1.94,16:00 - 20:00,3,On-time,5,Urban,5,Rain,20,Van,0.05,5.15,North,Evening,Sunday
9364,Warehouse B,Customer 3,46,0.78,16:00 - 20:00,3,Delayed,10,Suburban,50,Fog,20,Truck,0.1,4.6,South,Evening,Friday
5650,Warehouse B,Customer 1,127,2.70,12:00 - 16:00,3,Delayed,0,Rural,0,Fog,18,Van,0.05,6.35,South,Afternoon,Thursday
8203,Warehouse B,Customer 1,41,1.11,16:00 - 20:00,3,Delayed,8,Rural,24,Rain,26,Motorcycle,0.05,2.05,West,Evening,Tuesday
8562,Warehouse A,Customer 3,34,0.81,12:00 - 16:00,3,On-time,5,Rural,20,Fog,19,Motorcycle,0.05,1.7,South,Morning,Friday
2709,Warehouse C,Customer 6,77,2.26,08:00 - 12:00,3,On-time,7,Suburban,35,Clear,0,Truck,0.1,7.7,West,Afternoon,Thursday
4183,Warehouse A,Customer 2,103,3.22,16:00 - 20:00,3,On-time,4,Urban,4,Rain,14,Truck,0.1,10.3,South,Evening,Saturday
6941,Warehouse A,Customer 6,100,2.08,08:00 - 12:00,3,On-time,3,Rural,12,Rain,28,Van,0.05,5,North,Evening,Sunday
2676,Warehouse C,Customer 4,39,0.75,08:00 - 12:00,3,On-time,0,Urban,0,Snow,14,Motorcycle,0.05,1.95,West,Morning,Monday
8547,Warehouse C,Customer 3,36,0.97,12:00 - 16:00,3,On-time,1,Urban,4,Snow,17,Van,0.05,1.8,East,Morning,Saturday
9591,Warehouse C,Customer 3,80,1.95,08:00 - 12:00,3,On-time,8,Urban,24,Rain,19,Motorcycle,0.05,4,East,Evening,Friday
3735,Warehouse A,Customer 2,127,2.89,12:00 - 16:00,3,Delayed,4,Suburban,8,Rain,28,Motorcycle,0.05,6.35,North,Evening,Friday
1898,Warehouse A,Customer 2,56,0.95,08:00 - 12:00,3,On-time,3,Suburban,9,Fog,18,Truck,0.1,5.6,South,Afternoon,Saturday
2363,Warehouse B,Customer 1,108,2.20,08:00 - 12:00,3,On-time,2,Urban,2,Snow,14,Motorcycle,0.05,5.4,North,Morning,Thursday
1732,Warehouse C,Customer 6,100,3.33,08:00 - 12:00,3,On-time,2,Rural,8,Fog,24,Van,0.05,5,East,Afternoon,Thursday
8065,Warehouse B,Customer 6,87,2.56,16:00 - 20:00,3,On-time,10,Suburban,40,Rain,10,Van,0.05,4.35,East,Morning,Thursday
9284,Warehouse B,Customer 3,76,1.52,12:00 - 16:00,3,On-time,7,Suburban,28,Rain,10,Motorcycle,0.05,3.8,North,Morning,Thursday
4614,Warehouse C,Customer 6,96,1.71,08:00 - 12:00,3,Delayed,4,Rural,16,Clear,0,Motorcycle,0.05,4.8,South,Afternoon,Tuesday
4047,Warehouse C,Customer 3,102,3.29,08:00 - 12:00,3,On-time,0,Urban,0,Fog,26,Truck,0.1,10.2,North,Afternoon,Wednesday
3743,Warehouse A,Customer 5,83,1.63,08:00 - 12:00,3,Delayed,9,Suburban,27,Fog,11,Truck,0.1,8.3,West,Evening,Sunday
9883,Warehouse A,Customer 6,96,2.82,08:00 - 12:00,3,On-time,8,Rural,24,Snow,24,Van,0.05,4.8,North,Morning,Wednesday
1957,Warehouse A,Customer 3,71,1.48,12:00 - 16:00,3,Delayed,8,Urban,32,Rain,16,Van,0.05,3.55,South,Evening,Wednesday
8410,Warehouse B,Customer 2,64,1.42,12:00 - 16:00,3,On-time,10,Suburban,30,Snow,14,Van,0.05,3.2,North,Afternoon,Saturday
1111,Warehouse B,Customer 2,64,1.60,12:00 - 16:00,3,Delayed,1,Urban,5,Snow,19,Van,0.05,3.2,North,Afternoon,Thursday
4056,Warehouse C,Customer 2,99,2.68,16:00 - 20:00,3,On-time,2,Suburban,8,Fog,18,Motorcycle,0.05,4.95,West,Afternoon,Wednesday
7188,Warehouse B,Customer 3,73,2.03,12:00 - 16:00,3,On-time,6,Suburban,12,Rain,29,Motorcycle,0.05,3.65,East,Morning,Friday
4372,Warehouse A,Customer 5,65,1.16,16:00 - 20:00,4,On-time,4,Suburban,8,Rain,14,Motorcycle,0.05,3.25,South,Evening,Wednesday
8457,Warehouse A,Customer 4,76,2.38,12:00 - 16:00,4,On-time,9,Urban,18,Snow,15,Truck,0.1,7.6,South,Afternoon,Sunday
9234,Warehouse A,Customer 6,30,0.75,12:00 - 16:00,4,On-time,5,Rural,10,Snow,12,Motorcycle,0.05,1.5,East,Afternoon,Sunday
6937,Warehouse B,Customer 3,136,2.31,16:00 - 20:00,4,On-time,6,Suburban,24,Snow,21,Van,0.05,6.8,West,Morning,Wednesday
5177,Warehouse A,Customer 2,149,3.92,16:00 - 20:00,4,Delayed,0,Suburban,0,Fog,22,Truck,0.1,14.9,East,Evening,Wednesday
1149,Warehouse C,Customer 3,110,2.75,12:00 - 16:00,4,Delayed,1,Urban,1,Clear,0,Motorcycle,0.05,5.5,West,Evening,Friday
7634,Warehouse C,Customer 1,31,0.74,16:00 - 20:00,4,On-time,1,Urban,4,Clear,0,Van,0.05,1.55,West,Evening,Tuesday
5982,Warehouse A,Customer 3,146,4.29,12:00 - 16:00,4,On-time,7,Urban,35,Rain,10,Van,0.05,7.3,West,Evening,Wednesday
9205,Warehouse C,Customer 3,56,1.70,12:00 - 16:00,4,Delayed,8,Suburban,40,Rain,18,Motorcycle,0.05,2.8,West,Evening,Wednesday
5836,Warehouse A,Customer 3,56,1.02,16:00 - 20:00,4,Delayed,5,Suburban,10,Fog,26,Van,0.05,2.8,East,Evening,Wednesday
4553,Warehouse B,Customer 1,128,3.46,12:00 - 16:00,4,On-time,4,Rural,8,Rain,22,Van,0.05,6.4,West,Evening,Saturday
1230,Warehouse B,Customer 1,33,0.94,08:00 - 12:00,4,On-time,6,Rural,12,Clear,0,Van,0.05,1.65,North,Afternoon,Thursday
1438,Warehouse B,Customer 1,30,0.91,08:00 - 12:00,4,On-time,3,Urban,15,Clear,0,Motorcycle,0.05,1.5,West,Morning,Thursday
7315,Warehouse B,Customer 5,79,1.98,16:00 - 20:00,4,Delayed,2,Urban,8,Fog,12,Motorcycle,0.05,3.95,North,Afternoon,Tuesday
4837,Warehouse A,Customer 2,88,1.91,16:00 - 20:00,4,Delayed,8,Urban,32,Rain,22,Motorcycle,0.05,4.4,East,Evening,Saturday
5843,Warehouse C,Customer 5,91,1.52,12:00 - 16:00,4,On-time,6,Urban,12,Rain,23,Van,0.05,4.55,North,Afternoon,Sunday
6053,Warehouse A,Customer 5,101,2.02,12:00 - 16:00,4,On-time,8,Suburban,32,Rain,14,Van,0.05,5.05,South,Morning,Sunday
2325,Warehouse C,Customer 4,142,2.73,08:00 - 12:00,4,On-time,1,Rural,3,Fog,30,Motorcycle,0.05,7.1,South,Evening,Wednesday
2438,Warehouse A,Customer 1,95,2.16,16:00 - 20:00,4,On-time,10,Suburban,40,Fog,20,Motorcycle,0.05,4.75,West,Evening,Monday
7019,Warehouse B,Customer 6,107,2.33,08:00 - 12:00,4,On-time,7,Suburban,28,Fog,30,Truck,0.1,10.7,North,Afternoon,Wednesday
7397,Warehouse A,Customer 6,137,3.43,12:00 - 16:00,4,On-time,2,Urban,8,Snow,28,Truck,0.1,13.7,South,Morning,Friday
4648,Warehouse C,Customer 3,98,2.58,12:00 - 16:00,4,On-time,8,Urban,16,Fog,11,Motorcycle,0.05,4.9,South,Evening,Tuesday
5978,Warehouse C,Customer 6,42,1.02,12:00 - 16:00,4,Delayed,3,Suburban,3,Clear,0,Motorcycle,0.05,2.1,North,Evening,Saturday
7795,Warehouse B,Customer 6,80,1.90,12:00 - 16:00,4,Delayed,2,Suburban,2,Snow,24,Truck,0.1,8,West,Morning,Sunday
8365,Warehouse B,Customer 5,131,2.73,12:00 - 16:00,4,On-time,3,Suburban,3,Clear,0,Truck,0.1,13.1,West,Morning,Monday
8175,Warehouse C,Customer 6,104,1.93,16:00 - 20:00,4,On-time,9,Rural,36,Fog,21,Truck,0.1,10.4,North,Evening,Saturday
2631,Warehouse A,Customer 6,133,2.77,16:00 - 20:00,4,Delayed,7,Urban,21,Clear,0,Truck,0.1,13.3,West,Morning,Tuesday
1094,Warehouse A,Customer 3,50,1.32,08:00 - 12:00,4,On-time,9,Suburban,36,Snow,21,Truck,0.1,5,West,Morning,Friday
4620,Warehouse B,Customer 6,47,1.42,16:00 - 20:00,4,On-time,7,Rural,28,Snow,23,Van,0.05,2.35,East,Morning,Friday
1107,Warehouse B,Customer 5,57,1.00,08:00 - 12:00,4,On-time,0,Rural,0,Snow,10,Motorcycle,0.05,2.85,West,Afternoon,Wednesday
6186,Warehouse B,Customer 1,144,3.13,12:00 - 16:00,4,On-time,0,Suburban,0,Rain,16,Motorcycle,0.05,7.2,East,Evening,Tuesday
7623,Warehouse A,Customer 2,127,3.85,12:00 - 16:00,4,On-time,1,Urban,4,Rain,24,Motorcycle,0.05,6.35,East,Evening,Tuesday
2221,Warehouse C,Customer 2,97,2.55,08:00 - 12:00,4,On-time,10,Suburban,40,Fog,15,Van,0.05,4.85,East,Morning,Sunday
8584,Warehouse B,Customer 5,67,1.56,12:00 - 16:00,4,On-time,9,Urban,18,Clear,0,Van,0.05,3.35,North,Evening,Monday
1590,Warehouse A,Customer 5,93,1.94,16:00 - 20:00,4,On-time,10,Rural,50,Fog,10,Truck,0.1,9.3,East,Morning,Saturday
2835,Warehouse A,Customer 1,41,0.91,08:00 - 12:00,4,Delayed,9,Urban,36,Fog,20,Motorcycle,0.05,2.05,North,Morning,Wednesday
3256,Warehouse B,Customer 5,86,1.46,08:00 - 12:00,4,On-time,6,Rural,30,Fog,22,Van,0.05,4.3,North,Morning,Thursday
2962,Warehouse B,Customer 6,114,3.00,08:00 - 12:00,4,On-time,1,Suburban,4,Fog,20,Motorcycle,0.05,5.7,West,Afternoon,Thursday
4937,Warehouse A,Customer 4,92,2.09,08:00 - 12:00,4,On-time,0,Urban,0,Clear,0,Truck,0.1,9.2,East,Afternoon,Friday
1661,Warehouse B,Customer 3,124,3.65,08:00 - 12:00,4,On-time,8,Rural,32,Fog,22,Truck,0.1,12.4,East,Evening,Saturday
1298,Warehouse A,Customer 1,123,2.67,16:00 - 20:00,4,On-time,1,Rural,5,Rain,12,Truck,0.1,12.3,East,Morning,Tuesday
4056,Warehouse B,Customer 1,118,3.47,12:00 - 16:00,4,On-time,0,Suburban,0,Fog,30,Motorcycle,0.05,5.9,West,Morning,Monday
5128,Warehouse C,Customer 6,104,3.25,12:00 - 16:00,4,On-time,9,Urban,27,Clear,0,Motorcycle,0.05,5.2,North,Afternoon,Saturday
9041,Warehouse A,Customer 6,115,2.21,12:00 - 16:00,4,On-time,9,Suburban,18,Rain,18,Motorcycle,0.05,5.75,South,Evening,Thursday
8924,Warehouse A,Customer 1,37,1.03,08:00 - 12:00,4,On-time,8,Urban,16,Clear,0,Motorcycle,0.05,1.85,South,Morning,Thursday
8116,Warehouse B,Customer 6,106,3.03,12:00 - 16:00,4,On-time,4,Suburban,20,Rain,22,Van,0.05,5.3,East,Afternoon,Sunday
8224,Warehouse C,Customer 6,89,2.70,12:00 - 16:00,4,On-time,9,Urban,9,Fog,19,Van,0.05,4.45,South,Afternoon,Tuesday
3844,Warehouse A,Customer 3,107,2.49,08:00 - 12:00,4,On-time,6,Suburban,6,Snow,25,Motorcycle,0.05,5.35,North,Evening,Monday
5267,Warehouse B,Customer 6,128,2.42,16:00 - 20:00,4,On-time,3,Suburban,9,Snow,11,Motorcycle,0.05,6.4,East,Afternoon,Thursday
1496,Warehouse A,Customer 4,133,2.22,16:00 - 20:00,4,On-time,0,Urban,0,Rain,16,Van,0.05,6.65,North,Afternoon,Friday
7209,Warehouse B,Customer 2,131,2.18,08:00 - 12:00,4,Delayed,5,Rural,5,Snow,27,Truck,0.1,13.1,South,Morning,Wednesday
5328,Warehouse A,Customer 5,86,2.61,08:00 - 12:00,4,On-time,10,Suburban,30,Clear,0,Van,0.05,4.3,South,Evening,Monday
6685,Warehouse A,Customer 2,78,2.00,16:00 - 20:00,4,Delayed,9,Urban,45,Snow,14,Truck,0.1,7.8,South,Evening,Tuesday
4564,Warehouse A,Customer 5,138,3.83,16:00 - 20:00,4,On-time,6,Rural,30,Clear,0,Truck,0.1,13.8,North,Morning,Sunday
4801,Warehouse C,Customer 3,146,2.52,12:00 - 16:00,4,On-time,6,Urban,18,Rain,15,Truck,0.1,14.6,North,Evening,Thursday
9625,Warehouse B,Customer 2,120,2.03,08:00 - 12:00,4,Delayed,9,Urban,27,Fog,21,Van,0.05,6,East,Morning,Monday
5511,Warehouse C,Customer 1,66,1.65,12:00 - 16:00,4,On-time,10,Urban,30,Rain,16,Motorcycle,0.05,3.3,North,Morning,Tuesday
1580,Warehouse C,Customer 6,143,2.92,08:00 - 12:00,4,On-time,0,Suburban,0,Rain,10,Truck,0.1,14.3,North,Morning,Friday
4107,Warehouse A,Customer 4,30,0.91,08:00 - 12:00,4,On-time,4,Rural,12,Clear,0,Motorcycle,0.05,1.5,South,Morning,Thursday
9213,Warehouse A,Customer 2,149,3.73,16:00 - 20:00,4,On-time,10,Suburban,50,Snow,26,Motorcycle,0.05,7.45,North,Morning,Saturday
9955,Warehouse C,Customer 1,30,0.56,08:00 - 12:00,4,On-time,2,Rural,10,Clear,0,Van,0.05,1.5,South,Morning,Saturday
4369,Warehouse A,Customer 2,80,2.35,16:00 - 20:00,4,On-time,5,Rural,25,Snow,16,Motorcycle,0.05,4,South,Evening,Sunday
9483,Warehouse C,Customer 2,136,2.39,08:00 - 12:00,4,Delayed,7,Urban,35,Rain,17,Van,0.05,6.8,West,Afternoon,Wednesday
7629,Warehouse A,Customer 3,63,1.97,12:00 - 16:00,4,Delayed,9,Suburban,27,Fog,10,Truck,0.1,6.3,East,Evening,Tuesday
6772,Warehouse C,Customer 2,97,1.80,12:00 - 16:00,4,Delayed,2,Urban,6,Rain,16,Van,0.05,4.85,South,Afternoon,Saturday
9427,Warehouse B,Customer 1,68,1.42,12:00 - 16:00,4,On-time,3,Urban,15,Rain,19,Truck,0.1,6.8,East,Evening,Tuesday
9967,Warehouse B,Customer 5,79,2.19,08:00 - 12:00,4,Delayed,10,Suburban,40,Fog,10,Motorcycle,0.05,3.95,West,Afternoon,Thursday
8134,Warehouse B,Customer 6,91,2.68,08:00 - 12:00,4,Delayed,5,Suburban,25,Fog,11,Motorcycle,0.05,4.55,West,Evening,Tuesday
3208,Warehouse C,Customer 4,94,1.84,08:00 - 12:00,4,On-time,1,Urban,5,Rain,15,Motorcycle,0.05,4.7,East,Morning,Tuesday
2103,Warehouse C,Customer 2,89,2.17,12:00 - 16:00,4,On-time,10,Rural,20,Clear,0,Van,0.05,4.45,North,Evening,Sunday
8766,Warehouse B,Customer 1,35,0.85,16:00 - 20:00,4,On-time,4,Urban,16,Clear,0,Van,0.05,1.75,East,Evening,Friday
9081,Warehouse A,Customer 4,63,1.80,08:00 - 12:00,4,On-time,3,Urban,9,Fog,16,Motorcycle,0.05,3.15,South,Afternoon,Monday
7831,Warehouse A,Customer 4,38,1.12,12:00 - 16:00,4,On-time,0,Rural,0,Clear,0,Van,0.05,1.9,West,Afternoon,Monday
3699,Warehouse A,Customer 1,42,1.31,08:00 - 12:00,4,On-time,3,Suburban,3,Snow,20,Truck,0.1,4.2,South,Morning,Tuesday
8447,Warehouse C,Customer 2,121,2.81,08:00 - 12:00,4,Delayed,10,Rural,10,Clear,0,Truck,0.1,12.1,South,Morning,Saturday
7935,Warehouse A,Customer 5,90,1.73,08:00 - 12:00,4,On-time,10,Urban,50,Snow,26,Truck,0.1,9,West,Evening,Wednesday
7875,Warehouse A,Customer 2,133,2.25,16:00 - 20:00,4,On-time,8,Suburban,24,Clear,0,Van,0.05,6.65,East,Evening,Monday
7610,Warehouse B,Customer 3,104,3.35,16:00 - 20:00,4,On-time,4,Suburban,8,Snow,23,Motorcycle,0.05,5.2,South,Morning,Thursday
5171,Warehouse C,Customer 1,58,1.81,08:00 - 12:00,4,Delayed,4,Suburban,16,Fog,28,Van,0.05,2.9,North,Evening,Friday
3399,Warehouse A,Customer 1,111,2.27,08:00 - 12:00,4,On-time,0,Rural,0,Fog,11,Truck,0.1,11.1,North,Evening,Saturday
5795,Warehouse A,Customer 3,76,1.81,08:00 - 12:00,4,On-time,10,Rural,10,Rain,13,Van,0.05,3.8,North,Morning,Wednesday
8515,Warehouse B,Customer 4,47,1.02,08:00 - 12:00,4,On-time,9,Rural,18,Snow,27,Motorcycle,0.05,2.35,West,Morning,Monday
3810,Warehouse C,Customer 1,146,3.48,16:00 - 20:00,4,Delayed,3,Suburban,15,Rain,15,Van,0.05,7.3,West,Evening,Thursday
4606,Warehouse B,Customer 6,125,2.40,12:00 - 16:00,4,On-time,3,Suburban,6,Clear,0,Truck,0.1,12.5,East,Morning,Wednesday
9862,Warehouse C,Customer 4,40,0.77,16:00 - 20:00,4,On-time,4,Rural,12,Snow,17,Motorcycle,0.05,2,South,Evening,Saturday
6339,Warehouse B,Customer 4,149,4.81,12:00 - 16:00,4,On-time,7,Urban,7,Clear,0,Motorcycle,0.05,7.45,East,Evening,Thursday
1615,Warehouse A,Customer 5,122,3.05,16:00 - 20:00,4,On-time,2,Suburban,2,Clear,0,Van,0.05,6.1,South,Evening,Tuesday
3546,Warehouse B,Customer 5,41,1.05,12:00 - 16:00,4,On-time,6,Urban,6,Clear,0,Van,0.05,2.05,East,Evening,Wednesday
1928,Warehouse A,Customer 3,82,1.61,16:00 - 20:00,4,On-time,6,Rural,30,Fog,11,Motorcycle,0.05,4.1,North,Evening,Sunday
8515,Warehouse B,Customer 4,147,3.20,16:00 - 20:00,4,On-time,3,Urban,12,Clear,0,Motorcycle,0.05,7.35,North,Afternoon,Tuesday
9401,Warehouse A,Customer 2,119,3.50,12:00 - 16:00,4,On-time,3,Suburban,9,Fog,26,Motorcycle,0.05,5.95,East,Afternoon,Sunday
7739,Warehouse A,Customer 2,82,1.71,16:00 - 20:00,4,On-time,2,Suburban,8,Rain,27,Van,0.05,4.1,South,Morning,Saturday
6618,Warehouse C,Customer 6,147,2.45,08:00 - 12:00,4,On-time,6,Suburban,24,Fog,18,Van,0.05,7.35,South,Evening,Tuesday
6737,Warehouse C,Customer 4,149,2.53,16:00 - 20:00,4,On-time,1,Suburban,5,Rain,12,Motorcycle,0.05,7.45,North,Evening,Sunday
7843,Warehouse A,Customer 3,94,1.81,08:00 - 12:00,4,On-time,5,Urban,5,Fog,17,Motorcycle,0.05,4.7,East,Morning,Tuesday
3320,Warehouse A,Customer 4,131,3.64,16:00 - 20:00,4,On-time,8,Suburban,16,Fog,24,Truck,0.1,13.1,South,Afternoon,Saturday
4039,Warehouse C,Customer 5,70,2.19,16:00 - 20:00,4,On-time,3,Rural,9,Rain,10,Truck,0.1,7,South,Afternoon,Sunday
4782,Warehouse B,Customer 4,94,2.09,16:00 - 20:00,4,Delayed,2,Urban,6,Snow,11,Truck,0.1,9.4,South,Afternoon,Saturday
8871,Warehouse C,Customer 4,34,0.77,08:00 - 12:00,4,Delayed,4,Rural,12,Clear,0,Van,0.05,1.7,South,Evening,Saturday
8434,Warehouse A,Customer 2,103,3.32,08:00 - 12:00,4,On-time,6,Rural,12,Snow,19,Van,0.05,5.15,East,Evening,Tuesday
7699,Warehouse C,Customer 4,144,2.62,16:00 - 20:00,4,On-time,10,Suburban,30,Rain,27,Van,0.05,7.2,East,Afternoon,Monday
4902,Warehouse C,Customer 2,83,1.89,12:00 - 16:00,4,On-time,0,Rural,0,Rain,22,Motorcycle,0.05,4.15,South,Morning,Saturday
8147,Warehouse A,Customer 5,76,2.30,16:00 - 20:00,4,Delayed,2,Urban,10,Clear,0,Motorcycle,0.05,3.8,West,Morning,Friday
3744,Warehouse C,Customer 1,91,2.02,16:00 - 20:00,4,Delayed,9,Rural,18,Fog,21,Truck,0.1,9.1,West,Afternoon,Saturday
9888,Warehouse C,Customer 2,49,1.07,16:00 - 20:00,4,Delayed,8,Urban,24,Clear,0,Truck,0.1,4.9,West,Afternoon,Sunday
5679,Warehouse B,Customer 1,46,1.18,16:00 - 20:00,4,On-time,7,Rural,28,Snow,25,Truck,0.1,4.6,East,Morning,Monday
4186,Warehouse C,Customer 6,128,2.13,08:00 - 12:00,4,On-time,1,Urban,5,Clear,0,Motorcycle,0.05,6.4,East,Evening,Wednesday
5604,Warehouse B,Customer 4,45,1.13,08:00 - 12:00,4,On-time,3,Urban,15,Clear,0,Van,0.05,2.25,East,Evening,Saturday
2860,Warehouse B,Customer 1,39,0.78,08:00 - 12:00,4,On-time,7,Rural,7,Clear,0,Truck,0.1,3.9,North,Evening,Thursday
5809,Warehouse A,Customer 5,143,4.21,16:00 - 20:00,4,On-time,2,Suburban,10,Snow,17,Motorcycle,0.05,7.15,East,Evening,Saturday
7416,Warehouse C,Customer 1,72,2.06,16:00 - 20:00,4,On-time,3,Rural,12,Snow,25,Truck,0.1,7.2,West,Afternoon,Thursday
2040,Warehouse A,Customer 3,89,1.98,16:00 - 20:00,4,Delayed,1,Rural,3,Snow,12,Truck,0.1,8.9,West,Evening,Thursday
7325,Warehouse B,Customer 3,145,4.39,08:00 - 12:00,4,On-time,7,Suburban,14,Clear,0,Motorcycle,0.05,7.25,North,Morning,Friday
4082,Warehouse A,Customer 4,98,2.58,12:00 - 16:00,4,On-time,4,Rural,20,Fog,14,Truck,0.1,9.8,North,Afternoon,Sunday
4019,Warehouse A,Customer 5,57,1.36,08:00 - 12:00,4,Delayed,4,Suburban,12,Clear,0,Motorcycle,0.05,2.85,West,Afternoon,Thursday
1121,Warehouse A,Customer 3,102,2.27,12:00 - 16:00,4,Delayed,8,Suburban,16,Rain,13,Truck,0.1,10.2,North,Afternoon,Friday
1879,Warehouse B,Customer 2,109,2.02,12:00 - 16:00,4,On-time,5,Suburban,10,Fog,30,Van,0.05,5.45,East,Afternoon,Saturday
4996,Warehouse C,Customer 3,108,3.60,16:00 - 20:00,4,On-time,0,Suburban,0,Fog,29,Van,0.05,5.4,North,Afternoon,Tuesday
5381,Warehouse C,Customer 4,99,2.68,16:00 - 20:00,4,Delayed,4,Suburban,4,Rain,13,Van,0.05,4.95,South,Evening,Saturday
1856,Warehouse B,Customer 2,39,0.74,12:00 - 16:00,4,On-time,9,Urban,45,Rain,19,Van,0.05,1.95,West,Evening,Sunday
2801,Warehouse B,Customer 3,91,2.46,12:00 - 16:00,4,Delayed,4,Urban,4,Clear,0,Van,0.05,4.55,West,Morning,Tuesday
5371,Warehouse B,Customer 1,119,2.53,16:00 - 20:00,4,Delayed,0,Suburban,0,Snow,17,Truck,0.1,11.9,East,Morning,Tuesday
1527,Warehouse B,Customer 6,91,1.98,16:00 - 20:00,4,On-time,10,Rural,30,Clear,0,Motorcycle,0.05,4.55,West,Evening,Sunday
8595,Warehouse C,Customer 2,139,3.16,12:00 - 16:00,4,On-time,0,Rural,0,Fog,24,Motorcycle,0.05,6.95,North,Afternoon,Thursday
7427,Warehouse C,Customer 1,87,2.81,16:00 - 20:00,4,On-time,1,Suburban,4,Rain,14,Van,0.05,4.35,East,Morning,Friday
2220,Warehouse B,Customer 1,103,2.06,12:00 - 16:00,4,Delayed,5,Rural,15,Clear,0,Van,0.05,5.15,East,Evening,Friday
1862,Warehouse C,Customer 1,150,4.17,08:00 - 12:00,4,On-time,3,Rural,3,Fog,12,Truck,0.1,15,West,Afternoon,Friday
1607,Warehouse A,Customer 2,61,1.13,08:00 - 12:00,4,Delayed,4,Suburban,8,Clear,0,Truck,0.1,6.1,North,Afternoon,Thursday
5314,Warehouse B,Customer 4,124,2.07,08:00 - 12:00,4,On-time,6,Urban,12,Snow,15,Truck,0.1,12.4,East,Afternoon,Wednesday
7776,Warehouse A,Customer 3,78,2.44,12:00 - 16:00,4,On-time,8,Suburban,40,Clear,0,Motorcycle,0.05,3.9,East,Afternoon,Tuesday
1275,Warehouse C,Customer 3,137,3.51,08:00 - 12:00,5,Delayed,8,Suburban,40,Clear,0,Van,0.05,6.85,West,Evening,Friday
5054,Warehouse B,Customer 5,100,2.27,16:00 - 20:00,5,On-time,0,Suburban,0,Clear,0,Van,0.05,5,East,Afternoon,Monday
5616,Warehouse B,Customer 5,61,1.20,08:00 - 12:00,5,On-time,4,Urban,16,Fog,20,Motorcycle,0.05,3.05,East,Evening,Friday
4886,Warehouse A,Customer 2,35,0.88,12:00 - 16:00,5,On-time,5,Suburban,10,Clear,0,Truck,0.1,3.5,West,Evening,Thursday
7513,Warehouse B,Customer 1,99,2.30,08:00 - 12:00,5,On-time,4,Rural,12,Clear,0,Motorcycle,0.05,4.95,North,Evening,Wednesday
5141,Warehouse C,Customer 1,120,2.55,12:00 - 16:00,5,On-time,3,Urban,12,Rain,26,Truck,0.1,12,East,Morning,Thursday
4169,Warehouse B,Customer 1,120,2.55,16:00 - 20:00,5,On-time,9,Suburban,36,Fog,14,Truck,0.1,12,South,Afternoon,Thursday
7680,Warehouse B,Customer 1,83,1.41,12:00 - 16:00,5,On-time,10,Rural,20,Snow,22,Motorcycle,0.05,4.15,West,Morning,Sunday
1037,Warehouse C,Customer 6,85,2.13,16:00 - 20:00,5,On-time,4,Suburban,12,Clear,0,Van,0.05,4.25,East,Afternoon,Saturday
3462,Warehouse A,Customer 5,84,2.10,16:00 - 20:00,5,On-time,3,Suburban,12,Fog,22,Van,0.05,4.2,East,Evening,Tuesday
8027,Warehouse A,Customer 5,112,2.67,08:00 - 12:00,5,On-time,1,Rural,1,Clear,0,Van,0.05,5.6,East,Afternoon,Friday
6271,Warehouse B,Customer 4,40,0.71,16:00 - 20:00,5,On-time,0,Suburban,0,Snow,25,Van,0.05,2,West,Evening,Friday
2964,Warehouse B,Customer 6,65,1.18,16:00 - 20:00,5,On-time,8,Rural,24,Fog,18,Truck,0.1,6.5,South,Afternoon,Saturday
2933,Warehouse B,Customer 3,61,1.11,16:00 - 20:00,5,On-time,8,Suburban,32,Fog,11,Truck,0.1,6.1,North,Afternoon,Saturday
1664,Warehouse C,Customer 1,47,0.80,12:00 - 16:00,5,Delayed,0,Suburban,0,Rain,12,Motorcycle,0.05,2.35,North,Afternoon,Sunday
4316,Warehouse A,Customer 6,150,3.75,12:00 - 16:00,5,On-time,0,Rural,0,Fog,11,Van,0.05,7.5,West,Afternoon,Tuesday
7157,Warehouse A,Customer 6,60,1.07,08:00 - 12:00,5,On-time,5,Rural,5,Rain,11,Motorcycle,0.05,3,West,Evening,Wednesday
2801,Warehouse B,Customer 6,148,3.02,08:00 - 12:00,5,On-time,4,Rural,4,Snow,19,Van,0.05,7.4,East,Afternoon,Sunday
4086,Warehouse A,Customer 1,38,1.12,16:00 - 20:00,5,On-time,0,Urban,0,Snow,19,Van,0.05,1.9,West,Afternoon,Tuesday
7714,Warehouse A,Customer 1,148,4.93,08:00 - 12:00,5,On-time,6,Rural,18,Clear,0,Van,0.05,7.4,North,Morning,Thursday
1874,Warehouse B,Customer 6,60,1.94,12:00 - 16:00,5,On-time,7,Rural,14,Fog,27,Motorcycle,0.05,3,West,Morning,Thursday
3683,Warehouse B,Customer 3,69,1.41,12:00 - 16:00,5,Delayed,7,Suburban,28,Rain,29,Van,0.05,3.45,North,Morning,Thursday
9464,Warehouse C,Customer 3,103,2.06,16:00 - 20:00,5,On-time,2,Urban,2,Fog,20,Van,0.05,5.15,East,Evening,Thursday
5311,Warehouse A,Customer 1,143,2.47,08:00 - 12:00,5,Delayed,10,Suburban,20,Clear,0,Truck,0.1,14.3,East,Evening,Tuesday
7900,Warehouse C,Customer 6,126,3.15,16:00 - 20:00,5,Delayed,3,Urban,12,Snow,13,Van,0.05,6.3,West,Afternoon,Sunday
7355,Warehouse B,Customer 4,116,2.58,12:00 - 16:00,5,Delayed,4,Urban,12,Clear,0,Truck,0.1,11.6,North,Morning,Tuesday
9612,Warehouse B,Customer 1,34,0.65,08:00 - 12:00,5,On-time,9,Urban,18,Snow,25,Van,0.05,1.7,North,Morning,Sunday
1179,Warehouse C,Customer 6,90,1.91,08:00 - 12:00,5,On-time,0,Urban,0,Clear,0,Motorcycle,0.05,4.5,South,Afternoon,Tuesday
3414,Warehouse C,Customer 5,133,3.50,16:00 - 20:00,5,On-time,6,Suburban,12,Rain,25,Van,0.05,6.65,South,Morning,Tuesday
5166,Warehouse C,Customer 5,66,1.74,08:00 - 12:00,5,Delayed,10,Urban,20,Snow,19,Motorcycle,0.05,3.3,East,Evening,Friday
1802,Warehouse B,Customer 5,50,0.96,12:00 - 16:00,5,On-time,10,Suburban,10,Fog,11,Motorcycle,0.05,2.5,East,Evening,Sunday
9935,Warehouse C,Customer 2,95,2.71,16:00 - 20:00,5,On-time,7,Suburban,28,Rain,22,Van,0.05,4.75,West,Evening,Thursday
5362,Warehouse A,Customer 2,139,3.09,08:00 - 12:00,5,On-time,3,Urban,3,Snow,25,Van,0.05,6.95,South,Evening,Sunday
6714,Warehouse C,Customer 5,105,3.39,08:00 - 12:00,5,On-time,9,Rural,18,Clear,0,Van,0.05,5.25,North,Afternoon,Monday
3910,Warehouse B,Customer 3,70,1.27,16:00 - 20:00,5,On-time,0,Suburban,0,Fog,24,Truck,0.1,7,North,Afternoon,Wednesday
7207,Warehouse A,Customer 4,68,1.36,12:00 - 16:00,5,On-time,2,Suburban,10,Clear,0,Motorcycle,0.05,3.4,West,Evening,Wednesday
5885,Warehouse A,Customer 6,115,3.19,12:00 - 16:00,5,On-time,4,Suburban,8,Snow,20,Van,0.05,5.75,East,Afternoon,Tuesday
1063,Warehouse B,Customer 4,55,1.41,08:00 - 12:00,5,On-time,4,Urban,8,Snow,13,Truck,0.1,5.5,North,Morning,Saturday
8301,Warehouse A,Customer 4,44,1.42,12:00 - 16:00,5,On-time,8,Rural,40,Clear,0,Truck,0.1,4.4,North,Evening,Saturday
4652,Warehouse B,Customer 2,106,2.47,12:00 - 16:00,5,On-time,7,Suburban,35,Rain,10,Truck,0.1,10.6,East,Afternoon,Wednesday
8338,Warehouse A,Customer 3,129,2.80,16:00 - 20:00,5,Delayed,10,Suburban,30,Clear,0,Motorcycle,0.05,6.45,West,Morning,Monday
2018,Warehouse C,Customer 1,48,1.02,16:00 - 20:00,5,Delayed,5,Rural,5,Rain,29,Van,0.05,2.4,East,Afternoon,Monday
7428,Warehouse C,Customer 3,69,1.47,16:00 - 20:00,5,On-time,7,Suburban,7,Clear,0,Truck,0.1,6.9,West,Afternoon,Tuesday
4883,Warehouse C,Customer 3,141,2.43,08:00 - 12:00,5,Delayed,9,Rural,27,Clear,0,Truck,0.1,14.1,West,Afternoon,Saturday
2642,Warehouse C,Customer 6,59,1.11,12:00 - 16:00,5,On-time,7,Suburban,28,Rain,21,Motorcycle,0.05,2.95,East,Afternoon,Wednesday
3074,Warehouse A,Customer 3,35,1.06,08:00 - 12:00,5,Delayed,5,Rural,10,Fog,16,Motorcycle,0.05,1.75,South,Afternoon,Wednesday
1157,Warehouse A,Customer 2,31,0.94,08:00 - 12:00,5,On-time,8,Suburban,40,Clear,0,Motorcycle,0.05,1.55,North,Evening,Thursday
4513,Warehouse B,Customer 5,107,3.15,12:00 - 16:00,5,On-time,2,Suburban,8,Rain,12,Motorcycle,0.05,5.35,East,Morning,Wednesday
6150,Warehouse C,Customer 4,36,0.64,12:00 - 16:00,5,Delayed,6,Suburban,6,Clear,0,Van,0.05,1.8,South,Afternoon,Tuesday
3777,Warehouse B,Customer 1,114,2.78,16:00 - 20:00,5,Delayed,5,Rural,15,Rain,15,Van,0.05,5.7,West,Afternoon,Tuesday
5652,Warehouse B,Customer 2,68,1.36,12:00 - 16:00,5,On-time,10,Rural,50,Fog,20,Truck,0.1,6.8,West,Morning,Sunday
3544,Warehouse A,Customer 5,129,3.91,08:00 - 12:00,5,Delayed,10,Rural,10,Clear,0,Truck,0.1,12.9,South,Morning,Monday
7227,Warehouse C,Customer 1,106,2.12,12:00 - 16:00,5,Delayed,1,Rural,4,Fog,19,Van,0.05,5.3,East,Afternoon,Thursday
7382,Warehouse C,Customer 3,44,1.42,16:00 - 20:00,5,Delayed,6,Suburban,12,Snow,21,Truck,0.1,4.4,East,Evening,Friday
6415,Warehouse A,Customer 3,31,0.79,12:00 - 16:00,5,Delayed,6,Rural,24,Snow,16,Truck,0.1,3.1,North,Morning,Monday
9624,Warehouse B,Customer 3,131,2.26,16:00 - 20:00,5,Delayed,2,Suburban,8,Fog,15,Truck,0.1,13.1,North,Morning,Sunday
6442,Warehouse C,Customer 1,146,3.24,16:00 - 20:00,5,On-time,2,Rural,4,Fog,19,Van,0.05,7.3,West,Morning,Tuesday
6335,Warehouse A,Customer 5,71,1.92,12:00 - 16:00,5,On-time,0,Rural,0,Snow,29,Motorcycle,0.05,3.55,South,Evening,Friday
5124,Warehouse B,Customer 6,93,2.91,16:00 - 20:00,5,On-time,2,Urban,10,Fog,13,Motorcycle,0.05,4.65,East,Afternoon,Wednesday
1052,Warehouse A,Customer 3,146,2.70,16:00 - 20:00,5,On-time,4,Rural,4,Clear,0,Truck,0.1,14.6,East,Morning,Wednesday
3325,Warehouse C,Customer 5,137,4.57,12:00 - 16:00,5,Delayed,0,Rural,0,Snow,11,Motorcycle,0.05,6.85,South,Afternoon,Wednesday
9323,Warehouse C,Customer 5,101,2.24,08:00 - 12:00,5,On-time,2,Suburban,2,Snow,12,Van,0.05,5.05,West,Morning,Sunday
6265,Warehouse A,Customer 3,38,0.64,16:00 - 20:00,5,On-time,4,Urban,20,Rain,26,Motorcycle,0.05,1.9,North,Morning,Thursday
9242,Warehouse A,Customer 6,142,2.41,08:00 - 12:00,5,On-time,10,Suburban,40,Snow,22,Truck,0.1,14.2,West,Evening,Tuesday
8504,Warehouse C,Customer 2,94,2.00,08:00 - 12:00,5,On-time,2,Rural,10,Fog,20,Truck,0.1,9.4,West,Morning,Saturday
3096,Warehouse B,Customer 4,72,1.44,08:00 - 12:00,5,Delayed,6,Urban,18,Snow,30,Van,0.05,3.6,South,Afternoon,Monday
7990,Warehouse A,Customer 5,146,2.70,08:00 - 12:00,5,On-time,2,Suburban,4,Rain,17,Motorcycle,0.05,7.3,West,Afternoon,Sunday
7543,Warehouse A,Customer 2,96,1.71,08:00 - 12:00,5,On-time,9,Suburban,27,Rain,25,Truck,0.1,9.6,South,Evening,Friday
9947,Warehouse C,Customer 1,33,0.83,16:00 - 20:00,5,On-time,6,Suburban,24,Clear,0,Van,0.05,1.65,South,Afternoon,Tuesday
5688,Warehouse C,Customer 4,89,1.98,16:00 - 20:00,5,Delayed,10,Rural,50,Rain,22,Motorcycle,0.05,4.45,South,Evening,Saturday
3490,Warehouse A,Customer 3,75,2.08,16:00 - 20:00,5,On-time,8,Suburban,16,Rain,13,Truck,0.1,7.5,West,Morning,Saturday
2819,Warehouse A,Customer 2,96,1.60,12:00 - 16:00,5,Delayed,7,Rural,14,Snow,20,Truck,0.1,9.6,West,Evening,Monday
2948,Warehouse A,Customer 5,100,1.72,16:00 - 20:00,5,On-time,2,Rural,6,Rain,25,Motorcycle,0.05,5,North,Evening,Friday
3353,Warehouse B,Customer 3,149,2.81,08:00 - 12:00,5,Delayed,2,Urban,2,Clear,0,Motorcycle,0.05,7.45,North,Morning,Sunday
7176,Warehouse C,Customer 3,51,1.65,12:00 - 16:00,5,Delayed,5,Rural,10,Fog,21,Van,0.05,2.55,North,Evening,Tuesday
4059,Warehouse C,Customer 1,105,2.39,08:00 - 12:00,5,On-time,3,Rural,12,Snow,14,Van,0.05,5.25,North,Evening,Tuesday
5392,Warehouse C,Customer 2,99,2.54,08:00 - 12:00,5,Delayed,3,Suburban,6,Clear,0,Van,0.05,4.95,North,Evening,Sunday
8166,Warehouse B,Customer 4,70,1.23,16:00 - 20:00,5,On-time,2,Urban,8,Clear,0,Motorcycle,0.05,3.5,West,Morning,Saturday
5148,Warehouse C,Customer 2,72,1.44,12:00 - 16:00,5,On-time,5,Urban,20,Clear,0,Van,0.05,3.6,West,Afternoon,Monday
3241,Warehouse B,Customer 6,143,3.18,08:00 - 12:00,5,On-time,3,Suburban,9,Fog,11,Van,0.05,7.15,North,Afternoon,Monday
1158,Warehouse C,Customer 3,70,1.63,08:00 - 12:00,5,On-time,1,Suburban,5,Clear,0,Truck,0.1,7,East,Afternoon,Friday
3726,Warehouse C,Customer 2,64,1.23,12:00 - 16:00,5,On-time,6,Urban,30,Fog,29,Truck,0.1,6.4,East,Evening,Thursday
5890,Warehouse C,Customer 2,94,1.62,12:00 - 16:00,5,On-time,9,Urban,18,Clear,0,Van,0.05,4.7,South,Afternoon,Wednesday
3788,Warehouse A,Customer 1,135,2.37,08:00 - 12:00,5,Delayed,10,Rural,10,Fog,24,Truck,0.1,13.5,East,Afternoon,Friday
8584,Warehouse C,Customer 3,144,4.65,12:00 - 16:00,5,Delayed,8,Urban,40,Rain,22,Van,0.05,7.2,South,Evening,Wednesday
4196,Warehouse C,Customer 1,130,3.02,16:00 - 20:00,5,On-time,10,Rural,20,Rain,15,Motorcycle,0.05,6.5,West,Morning,Thursday
8086,Warehouse C,Customer 6,112,1.90,12:00 - 16:00,5,On-time,4,Urban,16,Fog,19,Van,0.05,5.6,South,Afternoon,Thursday
7122,Warehouse C,Customer 6,142,2.45,08:00 - 12:00,5,On-time,9,Urban,18,Rain,12,Motorcycle,0.05,7.1,West,Evening,Wednesday
7663,Warehouse A,Customer 1,81,1.59,08:00 - 12:00,5,On-time,4,Suburban,20,Clear,0,Truck,0.1,8.1,North,Morning,Friday
5704,Warehouse B,Customer 6,73,1.59,16:00 - 20:00,5,On-time,3,Rural,3,Rain,22,Truck,0.1,7.3,West,Evening,Saturday
4030,Warehouse A,Customer 2,79,1.98,16:00 - 20:00,5,On-time,4,Rural,4,Fog,12,Van,0.05,3.95,South,Evening,Sunday
3817,Warehouse A,Customer 2,116,3.87,08:00 - 12:00,5,Delayed,10,Urban,40,Clear,0,Van,0.05,5.8,North,Afternoon,Sunday
1822,Warehouse B,Customer 1,37,1.06,12:00 - 16:00,5,Delayed,10,Rural,50,Clear,0,Van,0.05,1.85,North,Afternoon,Tuesday
1908,Warehouse C,Customer 3,121,3.78,12:00 - 16:00,5,On-time,10,Suburban,30,Fog,29,Truck,0.1,12.1,West,Evening,Thursday
6765,Warehouse A,Customer 6,56,1.37,12:00 - 16:00,5,On-time,5,Rural,5,Fog,21,Van,0.05,2.8,East,Morning,Sunday
7854,Warehouse B,Customer 4,136,3.68,12:00 - 16:00,5,On-time,3,Suburban,6,Clear,0,Truck,0.1,13.6,West,Morning,Thursday
8144,Warehouse B,Customer 6,137,3.43,12:00 - 16:00,5,On-time,7,Urban,21,Clear,0,Motorcycle,0.05,6.85,East,Morning,Thursday
8990,Warehouse A,Customer 1,136,3.89,08:00 - 12:00,5,Delayed,5,Urban,20,Snow,19,Van,0.05,6.8,North,Morning,Saturday
6415,Warehouse A,Customer 4,109,2.06,16:00 - 20:00,5,On-time,4,Urban,16,Clear,0,Truck,0.1,10.9,East,Afternoon,Monday
6178,Warehouse B,Customer 3,124,3.18,08:00 - 12:00,5,On-time,4,Urban,20,Fog,21,Truck,0.1,12.4,South,Morning,Tuesday
5678,Warehouse C,Customer 5,55,0.92,16:00 - 20:00,5,On-time,5,Urban,20,Fog,25,Truck,0.1,5.5,South,Afternoon,Friday
7463,Warehouse B,Customer 6,65,1.18,08:00 - 12:00,5,On-time,9,Urban,18,Fog,29,Motorcycle,0.05,3.25,East,Evening,Wednesday
3167,Warehouse C,Customer 4,126,3.41,16:00 - 20:00,5,On-time,4,Rural,20,Rain,28,Truck,0.1,12.6,North,Morning,Monday
4341,Warehouse C,Customer 3,50,1.35,08:00 - 12:00,5,On-time,7,Rural,7,Rain,23,Truck,0.1,5,North,Morning,Monday
3599,Warehouse C,Customer 4,106,2.36,08:00 - 12:00,5,On-time,8,Rural,8,Rain,22,Truck,0.1,10.6,West,Evening,Sunday
9746,Warehouse A,Customer 5,59,1.18,16:00 - 20:00,5,On-time,0,Rural,0,Snow,26,Van,0.05,2.95,North,Afternoon,Monday
1238,Warehouse A,Customer 1,121,2.05,08:00 - 12:00,5,On-time,0,Urban,0,Rain,23,Van,0.05,6.05,North,Afternoon,Monday
2854,Warehouse A,Customer 4,54,0.98,12:00 - 16:00,5,Delayed,4,Suburban,20,Clear,0,Motorcycle,0.05,2.7,West,Afternoon,Saturday
9204,Warehouse A,Customer 1,69,1.17,12:00 - 16:00,5,On-time,5,Rural,15,Fog,13,Truck,0.1,6.9,East,Morning,Sunday
8073,Warehouse B,Customer 6,90,1.55,12:00 - 16:00,5,Delayed,3,Urban,6,Fog,22,Van,0.05,4.5,South,Morning,Tuesday
2156,Warehouse C,Customer 6,56,1.75,08:00 - 12:00,5,Delayed,4,Rural,16,Fog,29,Truck,0.1,5.6,East,Morning,Wednesday
2415,Warehouse C,Customer 4,132,2.28,08:00 - 12:00,5,Delayed,10,Rural,30,Snow,23,Van,0.05,6.6,North,Afternoon,Sunday
3986,Warehouse B,Customer 1,137,3.81,16:00 - 20:00,5,Delayed,0,Urban,0,Rain,11,Truck,0.1,13.7,East,Morning,Friday
9400,Warehouse B,Customer 3,30,0.50,08:00 - 12:00,5,On-time,6,Urban,6,Clear,0,Truck,0.1,3,West,Evening,Wednesday